{"type":"FeatureCollection","features":[{"type":"Feature","properties":{"valuation":"1","line":"","operator":"Oregon & California Railroad Company","operator_as_printed":"O.&C. R.R.","nara_bundle":"1066","nara_vs":"001","from_terminus":"California–Oregon state line","to_terminus":"Ashland","successor":"leased to/operated by Southern Pacific Company","extent_confidence":"high","uncertainty_notes":"","manual_addition":false,"source_map":"1561305_001_014_Southern_Pacific_1916.jpg","ref_1964_sp_index":"SP Co. 15 Cal-Ore State Line to Ashland (formerly O&C 1)","geometry_unmatched":false,"id":0,"nara_rrname":"Southern Pacific Company","nara_otherrr":"Oregon and California","nara_state":"OR","section_tag":"O&C-1","filed_under":"Southern Pacific Company"},"geometry":{"type":"LineString","coordinates":[[-122.61476,41.98772],[-122.61665,41.98845],[-122.61897,41.98811],[-122.62019,41.9884],[-122.62091,41.98901],[-122.62113,41.98954],[-122.62073,41.99093],[-122.62076,41.99137],[-122.62185,41.99337],[-122.62239,41.99386],[-122.62653,41.99594],[-122.6416,42.0024],[-122.6435,42.00406],[-122.64527,42.00468],[-122.64587,42.00553],[-122.649,42.00821],[-122.64963,42.00901],[-122.64986,42.01005],[-122.64976,42.01086],[-122.64879,42.01238],[-122.64794,42.01465],[-122.64725,42.01553],[-122.64618,42.01659],[-122.6442,42.01799],[-122.64138,42.01902],[-122.64095,42.01941],[-122.63984,42.02128],[-122.63822,42.02266],[-122.638,42.02341],[-122.63802,42.024],[-122.63851,42.02719],[-122.63844,42.02758],[-122.63735,42.02898],[-122.63651,42.03073],[-122.63493,42.03316],[-122.63483,42.03458],[-122.63456,42.03504],[-122.63428,42.03637],[-122.63344,42.03757],[-122.63235,42.03834],[-122.63185,42.0389],[-122.63119,42.04026],[-122.63112,42.04087],[-122.63151,42.04226],[-122.63147,42.04302],[-122.63086,42.04418],[-122.62987,42.04516],[-122.62964,42.04582],[-122.62984,42.04652],[-122.63069,42.04722],[-122.63146,42.04742],[-122.63341,42.04752],[-122.63553,42.04881],[-122.63638,42.0489],[-122.63898,42.04839],[-122.63954,42.04811],[-122.64009,42.04739],[-122.64014,42.04456],[-122.64059,42.04371],[-122.6414,42.04308],[-122.64452,42.04156],[-122.64515,42.04052],[-122.64546,42.04028],[-122.64594,42.04005],[-122.64695,42.04006],[-122.64774,42.04045],[-122.64795,42.04136],[-122.64734,42.04203],[-122.64575,42.04256],[-122.64503,42.04331],[-122.6446,42.04515],[-122.64515,42.04605],[-122.64534,42.04668],[-122.64444,42.04921],[-122.64451,42.0499],[-122.64505,42.05069],[-122.64568,42.05104],[-122.64729,42.05127],[-122.64903,42.05113],[-122.65028,42.05125],[-122.65117,42.05201],[-122.65134,42.05256],[-122.65129,42.053],[-122.65111,42.05342],[-122.64973,42.0546],[-122.64859,42.05669],[-122.6467,42.05789],[-122.64571,42.05977],[-122.64529,42.06025],[-122.64401,42.06088],[-122.63896,42.06217],[-122.63832,42.06247],[-122.63364,42.067],[-122.63292,42.06737],[-122.63116,42.06788],[-122.63049,42.06847],[-122.62979,42.06954],[-122.6289,42.07006],[-122.62814,42.07013],[-122.6272,42.06995],[-122.62663,42.06961],[-122.62578,42.06878],[-122.62491,42.06841],[-122.62204,42.068],[-122.62085,42.06833],[-122.60989,42.073],[-122.6092,42.07344],[-122.60553,42.07661],[-122.60483,42.07695],[-122.60352,42.07726],[-122.60265,42.07771],[-122.60222,42.07815],[-122.60203,42.0786],[-122.60203,42.0791],[-122.60237,42.0802],[-122.60167,42.08203],[-122.59239,42.08483],[-122.59123,42.08435],[-122.58829,42.08424],[-122.58734,42.08378],[-122.58682,42.08293],[-122.587,42.08152],[-122.58667,42.08032],[-122.58681,42.07935],[-122.58669,42.07887],[-122.58592,42.0783],[-122.5848,42.07827],[-122.58407,42.07867],[-122.58379,42.0794],[-122.58396,42.07991],[-122.58511,42.08146],[-122.58505,42.08283],[-122.5852,42.08343],[-122.58578,42.08453],[-122.58692,42.08552],[-122.58763,42.08644],[-122.58817,42.08679],[-122.58956,42.08727],[-122.5903,42.08799],[-122.59035,42.08897],[-122.58924,42.09056],[-122.58923,42.09107],[-122.58956,42.09175],[-122.59013,42.09219],[-122.59377,42.09391],[-122.59448,42.0945],[-122.59582,42.09609],[-122.59794,42.09687],[-122.59902,42.09778],[-122.60039,42.0985],[-122.60128,42.1001],[-122.60304,42.10134],[-122.60353,42.10187],[-122.6038,42.10236],[-122.60385,42.10365],[-122.60429,42.1048],[-122.60377,42.10637],[-122.6041,42.10726],[-122.6077,42.11051],[-122.60966,42.11113],[-122.61019,42.11144],[-122.61287,42.11428],[-122.61535,42.11517],[-122.61623,42.11629],[-122.61929,42.11904],[-122.62093,42.12161],[-122.62314,42.12337],[-122.62473,42.12598],[-122.62505,42.12828],[-122.62559,42.12882],[-122.62723,42.12944],[-122.62777,42.12982],[-122.62934,42.13249],[-122.63154,42.13543],[-122.63206,42.13669],[-122.6323,42.1386],[-122.63265,42.13933],[-122.63318,42.13986],[-122.63563,42.14133],[-122.63637,42.1428],[-122.63755,42.14394],[-122.63782,42.14447],[-122.63788,42.14503],[-122.63752,42.14639],[-122.63787,42.14722],[-122.63981,42.14886],[-122.64108,42.15096],[-122.64324,42.1525],[-122.64377,42.15339],[-122.64427,42.15481],[-122.6448,42.15545],[-122.64821,42.15689],[-122.64915,42.15762],[-122.65264,42.16304],[-122.66059,42.17096],[-122.66298,42.17402],[-122.66305,42.17476],[-122.6626,42.17619],[-122.66278,42.17689],[-122.66309,42.17734],[-122.6655,42.17929],[-122.66691,42.18015],[-122.69395,42.19412],[-122.70205,42.19749],[-122.7039,42.19797]]}},{"type":"Feature","properties":{"valuation":"2","line":"","operator":"Oregon & California Railroad Company","operator_as_printed":"O.&C. R.R.","nara_bundle":"1066","nara_vs":"002","from_terminus":"Springfield Jct.","to_terminus":"Ashland","successor":"leased to/operated by Southern Pacific Company","extent_confidence":"medium","uncertainty_notes":"Extent confidence medium in section table. North end read from 1964 index; 1916 leader only clearly reaches Ashland.","manual_addition":false,"source_map":"1561305_001_014_Southern_Pacific_1916.jpg","ref_1964_sp_index":"SP Co. 16 Ashland to Springfield Jct (formerly O&C 2)","geometry_unmatched":false,"id":1,"nara_rrname":"Southern Pacific Company","nara_otherrr":"Oregon and California","nara_state":"OR","section_tag":"O&C-2","filed_under":"Southern Pacific Company"},"geometry":{"type":"LineString","coordinates":[[-122.7039,42.19797],[-122.70976,42.19922],[-122.7124,42.20021],[-122.71455,42.20169],[-122.71896,42.20653],[-122.72027,42.20769],[-122.72158,42.20855],[-122.72761,42.21167],[-122.73028,42.21328],[-122.73861,42.21725],[-122.74224,42.21882],[-122.74537,42.21975],[-122.74582,42.22003],[-122.74673,42.22107],[-122.74761,42.22266],[-122.74926,42.22375],[-122.75069,42.22547],[-122.75168,42.22637],[-122.75291,42.22664],[-122.75491,42.22624],[-122.75587,42.22633],[-122.75669,42.22673],[-122.75856,42.22819],[-122.7601,42.22888],[-122.76168,42.22924],[-122.76439,42.22941],[-122.76564,42.22964],[-122.767,42.23011],[-122.77047,42.23184],[-122.77194,42.23223],[-122.77565,42.23278],[-122.77796,42.2338],[-122.7889,42.2433],[-122.81596,42.26531],[-122.96301,42.42025],[-122.96366,42.4208],[-122.96598,42.42219],[-122.97866,42.42932],[-122.97994,42.4309],[-122.98024,42.43171],[-122.98082,42.43494],[-122.98141,42.43562],[-122.98278,42.43604],[-122.9837,42.43589],[-122.98503,42.4354],[-122.98574,42.43536],[-122.98856,42.4361],[-122.99095,42.43711],[-122.99302,42.43839],[-123.00324,42.4417],[-123.00446,42.44248],[-123.00567,42.4436],[-123.00728,42.44452],[-123.00775,42.44496],[-123.00884,42.44611],[-123.00919,42.44723],[-123.00881,42.44824],[-123.00774,42.44925],[-123.00707,42.45015],[-123.0068,42.45088],[-123.00687,42.45213],[-123.00775,42.45466],[-123.00956,42.45654],[-123.01079,42.45847],[-123.01208,42.45935],[-123.01349,42.45967],[-123.01452,42.45962],[-123.01543,42.45937],[-123.01794,42.45826],[-123.01981,42.45798],[-123.02334,42.4578],[-123.02537,42.45721],[-123.02626,42.45674],[-123.03775,42.44854],[-123.0392,42.44673],[-123.03979,42.44536],[-123.03997,42.44445],[-123.04041,42.43983],[-123.04035,42.43864],[-123.03999,42.43716],[-123.0387,42.43413],[-123.0386,42.43358],[-123.0387,42.43286],[-123.03896,42.43233],[-123.03953,42.43173],[-123.04027,42.43127],[-123.04157,42.43091],[-123.04272,42.4309],[-123.07608,42.43648],[-123.07852,42.43659],[-123.08081,42.43631],[-123.12007,42.42649],[-123.12221,42.42565],[-123.1243,42.42425],[-123.12569,42.42269],[-123.1312,42.41296],[-123.1319,42.412],[-123.13287,42.41104],[-123.1347,42.4098],[-123.13621,42.40914],[-123.13818,42.40882],[-123.13964,42.40894],[-123.14128,42.40943],[-123.15247,42.41329],[-123.15434,42.41423],[-123.15576,42.41559],[-123.16845,42.43164],[-123.16967,42.43264],[-123.17107,42.43344],[-123.1723,42.43392],[-123.17418,42.43436],[-123.17571,42.43452],[-123.1777,42.43446],[-123.18001,42.43399],[-123.18172,42.43331],[-123.189,42.42904],[-123.1905,42.42769],[-123.19246,42.42528],[-123.19326,42.4247],[-123.19472,42.42398],[-123.2083,42.42036],[-123.20944,42.42036],[-123.21292,42.4211],[-123.21412,42.42119],[-123.21902,42.42076],[-123.22344,42.41993],[-123.22485,42.41985],[-123.22625,42.42007],[-123.22762,42.42061],[-123.23324,42.4253],[-123.23499,42.42617],[-123.23719,42.42643],[-123.24325,42.42591],[-123.24567,42.42607],[-123.24701,42.42644],[-123.26013,42.43148],[-123.26115,42.43172],[-123.26651,42.43234],[-123.26881,42.4328],[-123.27047,42.43286],[-123.27227,42.43259],[-123.27786,42.43031],[-123.28698,42.42817],[-123.28967,42.42795],[-123.29185,42.42818],[-123.29386,42.42869],[-123.32105,42.43748],[-123.32585,42.43929],[-123.32821,42.44],[-123.33042,42.44046],[-123.34244,42.44432],[-123.34368,42.44453],[-123.34679,42.44411],[-123.34889,42.44428],[-123.35102,42.44512],[-123.35359,42.44699],[-123.35464,42.4474],[-123.35566,42.44736],[-123.35789,42.4465],[-123.35968,42.44621],[-123.36163,42.44642],[-123.36354,42.44731],[-123.36681,42.44986],[-123.36748,42.45081],[-123.36778,42.45209],[-123.36767,42.45295],[-123.36709,42.45466],[-123.36634,42.46129],[-123.36565,42.46204],[-123.36428,42.46265],[-123.36361,42.46322],[-123.36338,42.46377],[-123.36342,42.46432],[-123.36549,42.46731],[-123.36569,42.46881],[-123.36618,42.46962],[-123.36933,42.47212],[-123.37071,42.47358],[-123.37344,42.4753],[-123.37492,42.47606],[-123.37683,42.4764],[-123.37791,42.47684],[-123.37858,42.47747],[-123.37945,42.47922],[-123.38011,42.48006],[-123.38383,42.4835],[-123.38413,42.48397],[-123.38422,42.48493],[-123.38321,42.48677],[-123.38228,42.49143],[-123.38234,42.49242],[-123.38323,42.49421],[-123.38458,42.49543],[-123.38754,42.49643],[-123.38871,42.49708],[-123.38923,42.49764],[-123.39057,42.49982],[-123.39136,42.50055],[-123.39401,42.50234],[-123.39519,42.50286],[-123.39744,42.50339],[-123.3989,42.50426],[-123.40091,42.50679],[-123.40174,42.50747],[-123.40518,42.50922],[-123.41398,42.51199],[-123.415,42.51243],[-123.41685,42.51361],[-123.41776,42.51444],[-123.4187,42.51564],[-123.42453,42.52589],[-123.42456,42.52685],[-123.42429,42.52875],[-123.42214,42.53415],[-123.42054,42.53948],[-123.4077,42.55817],[-123.40729,42.5592],[-123.40737,42.56088],[-123.40721,42.56171],[-123.4067,42.56236],[-123.40292,42.56508],[-123.40228,42.56601],[-123.40232,42.56718],[-123.40343,42.56888],[-123.4038,42.56973],[-123.40513,42.57452],[-123.40559,42.5756],[-123.40601,42.57604],[-123.40735,42.57683],[-123.40787,42.57758],[-123.40791,42.57799],[-123.40776,42.57857],[-123.40727,42.57909],[-123.40521,42.58006],[-123.4045,42.58066],[-123.40387,42.5815],[-123.40361,42.58197],[-123.40352,42.58272],[-123.40363,42.58378],[-123.40396,42.58464],[-123.40453,42.58537],[-123.40816,42.58813],[-123.40945,42.59009],[-123.41005,42.5907],[-123.41116,42.59125],[-123.41295,42.59153],[-123.41463,42.59121],[-123.41593,42.59046],[-123.41665,42.58959],[-123.41742,42.58765],[-123.4185,42.58669],[-123.41938,42.58637],[-123.42211,42.58584],[-123.42358,42.58479],[-123.42436,42.58448],[-123.42661,42.58415],[-123.42904,42.58257],[-123.43099,42.58231],[-123.43246,42.5817],[-123.43363,42.58152],[-123.43474,42.58175],[-123.43603,42.5828],[-123.43647,42.5834],[-123.43665,42.58396],[-123.43615,42.58652],[-123.43617,42.5881],[-123.436,42.58893],[-123.4353,42.5901],[-123.43281,42.59266],[-123.43227,42.5936],[-123.43209,42.59428],[-123.43379,42.60071],[-123.43397,42.60187],[-123.4352,42.6052],[-123.43531,42.60762],[-123.43512,42.60867],[-123.43452,42.60984],[-123.43377,42.61069],[-123.42744,42.6156],[-123.42593,42.61985],[-123.42594,42.62048],[-123.42744,42.6259],[-123.42832,42.62731],[-123.42835,42.62864],[-123.42863,42.62976],[-123.42953,42.63105],[-123.43061,42.63211],[-123.43199,42.63317],[-123.43324,42.63384],[-123.43645,42.63481],[-123.43992,42.63492],[-123.44115,42.63544],[-123.44291,42.63678],[-123.4439,42.63727],[-123.44873,42.6382],[-123.44967,42.6387],[-123.4521,42.64045],[-123.4559,42.64219],[-123.45621,42.64255],[-123.45684,42.644],[-123.4574,42.64441],[-123.459,42.64499],[-123.46054,42.6466],[-123.46131,42.64689],[-123.46373,42.64716],[-123.47022,42.64988],[-123.47095,42.65037],[-123.4719,42.65144],[-123.47483,42.65733],[-123.47466,42.65803],[-123.47314,42.65932],[-123.47143,42.66217],[-123.47116,42.66368],[-123.47067,42.66458],[-123.47014,42.66508],[-123.46665,42.66716],[-123.46614,42.66765],[-123.46548,42.66972],[-123.46581,42.67137],[-123.46532,42.67227],[-123.46307,42.67331],[-123.46045,42.67418],[-123.45906,42.67512],[-123.45717,42.67608],[-123.45625,42.6772],[-123.45559,42.67764],[-123.45264,42.67887],[-123.4507,42.67947],[-123.4487,42.68159],[-123.44465,42.68436],[-123.44322,42.68584],[-123.44235,42.68641],[-123.44127,42.68675],[-123.43646,42.68759],[-123.42887,42.68819],[-123.42617,42.68797],[-123.42481,42.68827],[-123.42405,42.68863],[-123.41906,42.69213],[-123.41845,42.69287],[-123.41776,42.69436],[-123.4171,42.69505],[-123.41603,42.69567],[-123.41506,42.69596],[-123.41378,42.69607],[-123.41141,42.69572],[-123.4105,42.69573],[-123.40806,42.69635],[-123.40689,42.69647],[-123.40341,42.69589],[-123.4017,42.6959],[-123.39899,42.69623],[-123.39229,42.69741],[-123.38862,42.69746],[-123.38624,42.69779],[-123.38522,42.69811],[-123.3837,42.69888],[-123.38296,42.69952],[-123.38207,42.70064],[-123.38076,42.70162],[-123.37999,42.70201],[-123.37766,42.70276],[-123.3769,42.70319],[-123.37654,42.70365],[-123.37643,42.70414],[-123.37666,42.70492],[-123.37768,42.70565],[-123.3783,42.70578],[-123.3789,42.70575],[-123.38002,42.70535],[-123.38063,42.70464],[-123.38095,42.70356],[-123.38142,42.70297],[-123.3827,42.70202],[-123.38413,42.69989],[-123.38652,42.69862],[-123.38757,42.69847],[-123.38987,42.69904],[-123.39193,42.69906],[-123.39251,42.69923],[-123.39293,42.69953],[-123.39321,42.70007],[-123.39351,42.70249],[-123.39374,42.70315],[-123.39453,42.70425],[-123.39474,42.70479],[-123.39473,42.70706],[-123.39524,42.7083],[-123.39584,42.70895],[-123.39768,42.71011],[-123.39875,42.71166],[-123.40607,42.71723],[-123.40667,42.71778],[-123.40754,42.7191],[-123.40989,42.724],[-123.41018,42.72506],[-123.40992,42.72646],[-123.40853,42.72859],[-123.40824,42.72945],[-123.40835,42.73075],[-123.40865,42.73181],[-123.40909,42.73247],[-123.41366,42.73449],[-123.41849,42.73712],[-123.41957,42.73728],[-123.42299,42.73709],[-123.42692,42.73787],[-123.4353,42.74076],[-123.43656,42.74148],[-123.43869,42.74324],[-123.44153,42.74464],[-123.44353,42.74681],[-123.44897,42.75117],[-123.44995,42.75161],[-123.45108,42.75162],[-123.45182,42.75136],[-123.45354,42.75012],[-123.45736,42.74648],[-123.45888,42.74527],[-123.46108,42.74442],[-123.46733,42.74276],[-123.47233,42.74146],[-123.47311,42.74139],[-123.48461,42.74217],[-123.48617,42.74202],[-123.48695,42.74163],[-123.48755,42.74102],[-123.48868,42.73868],[-123.49131,42.73614],[-123.49226,42.73568],[-123.49476,42.73548],[-123.49678,42.73448],[-123.49784,42.7344],[-123.49865,42.73464],[-123.49935,42.73519],[-123.49979,42.73614],[-123.50018,42.7366],[-123.50094,42.73699],[-123.50399,42.7371],[-123.50536,42.7375],[-123.50916,42.74],[-123.51112,42.7402],[-123.51266,42.73993],[-123.51472,42.74002],[-123.51689,42.73985],[-123.51869,42.74032],[-123.52152,42.74311],[-123.5217,42.7438],[-123.5216,42.74583],[-123.5224,42.74713],[-123.52238,42.74823],[-123.52266,42.74911],[-123.52344,42.75035],[-123.52551,42.75141],[-123.52691,42.75281],[-123.52804,42.75306],[-123.52972,42.75294],[-123.53051,42.75318],[-123.53133,42.75374],[-123.5319,42.75533],[-123.53236,42.75573],[-123.53325,42.75608],[-123.53461,42.75632],[-123.53589,42.75713],[-123.53735,42.75759],[-123.53792,42.75795],[-123.53833,42.7586],[-123.53838,42.75949],[-123.53856,42.75995],[-123.53968,42.76095],[-123.54033,42.76229],[-123.54161,42.76309],[-123.54288,42.76486],[-123.54386,42.76521],[-123.54585,42.7651],[-123.54712,42.76569],[-123.54731,42.76595],[-123.54785,42.76803],[-123.55019,42.77143],[-123.55083,42.77208],[-123.55283,42.7727],[-123.55396,42.77361],[-123.55489,42.77399],[-123.55618,42.77412],[-123.55763,42.774],[-123.55931,42.77338],[-123.55999,42.77329],[-123.56152,42.77354],[-123.56235,42.7735],[-123.56495,42.77265],[-123.56573,42.77262],[-123.57017,42.77365],[-123.57117,42.77422],[-123.57148,42.77465],[-123.57194,42.77601],[-123.57236,42.77642],[-123.57347,42.77698],[-123.57404,42.77753],[-123.57422,42.778],[-123.57416,42.77891],[-123.57446,42.78038],[-123.57683,42.78326],[-123.57762,42.78388],[-123.57906,42.78431],[-123.5799,42.78477],[-123.58017,42.78519],[-123.58046,42.78623],[-123.58095,42.78675],[-123.58299,42.78744],[-123.5838,42.78804],[-123.58432,42.7893],[-123.58588,42.79147],[-123.58606,42.79218],[-123.58584,42.79284],[-123.58531,42.79341],[-123.58359,42.79422],[-123.58296,42.79494],[-123.58288,42.79682],[-123.58249,42.79788],[-123.58248,42.7987],[-123.58304,42.79944],[-123.58486,42.80024],[-123.58664,42.80193],[-123.58769,42.80253],[-123.5895,42.803],[-123.59099,42.80288],[-123.59193,42.80301],[-123.59313,42.80358],[-123.59349,42.80409],[-123.59412,42.80674],[-123.59383,42.80758],[-123.59283,42.80852],[-123.59261,42.80904],[-123.5927,42.80978],[-123.59314,42.81034],[-123.59401,42.81077],[-123.59704,42.81167],[-123.59947,42.81144],[-123.60229,42.81185],[-123.60534,42.8133],[-123.60734,42.81519],[-123.60895,42.81634],[-123.61108,42.81831],[-123.61166,42.81865],[-123.61312,42.81893],[-123.61587,42.81869],[-123.61824,42.81938],[-123.61887,42.81971],[-123.62059,42.82172],[-123.62059,42.82223],[-123.62017,42.82324],[-123.62026,42.82503],[-123.61984,42.82665],[-123.61971,42.8284],[-123.61939,42.82931],[-123.61846,42.83067],[-123.61821,42.83137],[-123.61844,42.83205],[-123.61903,42.83279],[-123.6207,42.83406],[-123.62153,42.83498],[-123.62202,42.83637],[-123.62204,42.83744],[-123.62012,42.84085],[-123.61952,42.84144],[-123.6183,42.84216],[-123.61567,42.84307],[-123.61521,42.84347],[-123.61391,42.84701],[-123.61387,42.84904],[-123.61318,42.85002],[-123.6114,42.85116],[-123.60948,42.85294],[-123.6083,42.85329],[-123.60586,42.85339],[-123.60399,42.85438],[-123.5987,42.85611],[-123.59776,42.85682],[-123.59486,42.86063],[-123.59327,42.86228],[-123.59256,42.86388],[-123.5922,42.86432],[-123.5911,42.86505],[-123.58601,42.86655],[-123.58526,42.86652],[-123.58445,42.86627],[-123.58302,42.86536],[-123.582,42.86508],[-123.58081,42.8653],[-123.57964,42.86594],[-123.57759,42.86636],[-123.57656,42.86702],[-123.57609,42.8688],[-123.57491,42.87036],[-123.574,42.87208],[-123.57352,42.87263],[-123.57215,42.87309],[-123.57082,42.873],[-123.56926,42.87251],[-123.5685,42.87254],[-123.56771,42.87287],[-123.56723,42.87358],[-123.56734,42.87472],[-123.5672,42.87525],[-123.56522,42.87794],[-123.56445,42.87949],[-123.56342,42.88031],[-123.55985,42.88175],[-123.55927,42.88224],[-123.55897,42.88276],[-123.5591,42.88378],[-123.56036,42.88628],[-123.56132,42.88779],[-123.56165,42.88939],[-123.56181,42.89035],[-123.56174,42.8914],[-123.56162,42.89182],[-123.56084,42.89261],[-123.55965,42.89289],[-123.55834,42.89258],[-123.55707,42.89196],[-123.55546,42.89021],[-123.55442,42.88966],[-123.55386,42.88957],[-123.55057,42.88991],[-123.54655,42.88865],[-123.54286,42.88697],[-123.54187,42.88679],[-123.5409,42.88711],[-123.53965,42.88886],[-123.53784,42.89025],[-123.53641,42.89169],[-123.53607,42.89229],[-123.53602,42.8928],[-123.53649,42.89369],[-123.54425,42.89811],[-123.54488,42.8988],[-123.54499,42.89961],[-123.54407,42.90094],[-123.54288,42.90412],[-123.54225,42.90489],[-123.54123,42.90555],[-123.53708,42.90639],[-123.53577,42.90612],[-123.53522,42.90578],[-123.53442,42.90495],[-123.53345,42.90465],[-123.53179,42.90491],[-123.5313,42.90525],[-123.53085,42.90602],[-123.5302,42.9092],[-123.52727,42.91453],[-123.52659,42.91528],[-123.52515,42.91596],[-123.5179,42.9159],[-123.51562,42.91633],[-123.51341,42.91745],[-123.50935,42.9209],[-123.50926,42.92182],[-123.50966,42.92272],[-123.50965,42.9232],[-123.50953,42.92365],[-123.50899,42.92418],[-123.50804,42.92456],[-123.50537,42.92472],[-123.50226,42.92453],[-123.49992,42.9249],[-123.49706,42.92565],[-123.49383,42.92764],[-123.49258,42.92789],[-123.49107,42.92763],[-123.49052,42.92728],[-123.49012,42.92678],[-123.4899,42.92618],[-123.48993,42.92455],[-123.48965,42.92332],[-123.48883,42.92199],[-123.48682,42.91934],[-123.48642,42.91744],[-123.48591,42.91638],[-123.48439,42.91511],[-123.48364,42.91411],[-123.4832,42.91383],[-123.48275,42.91365],[-123.48169,42.91357],[-123.48066,42.9139],[-123.4801,42.91442],[-123.4791,42.91608],[-123.4772,42.91732],[-123.47569,42.9192],[-123.4751,42.91971],[-123.47375,42.92042],[-123.47226,42.92072],[-123.47112,42.92065],[-123.4699,42.92027],[-123.46903,42.91959],[-123.46848,42.91856],[-123.46795,42.91797],[-123.46453,42.91508],[-123.46376,42.91468],[-123.46237,42.91462],[-123.46096,42.91527],[-123.4605,42.91589],[-123.4599,42.91719],[-123.45938,42.91778],[-123.45864,42.91851],[-123.45743,42.91914],[-123.45201,42.92002],[-123.4495,42.9211],[-123.42181,42.92862],[-123.42048,42.92879],[-123.4148,42.92854],[-123.41269,42.92898],[-123.38408,42.94281],[-123.37991,42.94375],[-123.37177,42.94738],[-123.37068,42.94803],[-123.36171,42.95685],[-123.36002,42.95862],[-123.35734,42.9623],[-123.35701,42.96314],[-123.35603,42.97002],[-123.35526,42.97117],[-123.35271,42.97307],[-123.35201,42.97391],[-123.35071,42.97655],[-123.35036,42.97851],[-123.35013,42.97906],[-123.34784,42.98233],[-123.34729,42.98443],[-123.34614,42.98564],[-123.34528,42.98729],[-123.34479,42.98792],[-123.34244,42.98952],[-123.34062,42.99127],[-123.33737,42.99347],[-123.33558,42.99397],[-123.33134,42.99402],[-123.32999,42.99426],[-123.32367,42.99678],[-123.32218,42.99761],[-123.30552,43.00934],[-123.29926,43.01837],[-123.29862,43.0189],[-123.29553,43.02049],[-123.29503,43.02102],[-123.29404,43.02286],[-123.29393,43.0239],[-123.2944,43.02486],[-123.29608,43.02609],[-123.29848,43.02718],[-123.30114,43.03098],[-123.30185,43.0317],[-123.3025,43.0321],[-123.30336,43.03235],[-123.30427,43.03238],[-123.30575,43.03209],[-123.3116,43.03176],[-123.31397,43.03142],[-123.31509,43.03151],[-123.32055,43.03339],[-123.32332,43.03484],[-123.33007,43.03793],[-123.33064,43.03833],[-123.33105,43.03887],[-123.33121,43.03943],[-123.3311,43.04196],[-123.33055,43.04348],[-123.32911,43.04555],[-123.32819,43.04769],[-123.32804,43.04868],[-123.32842,43.04978],[-123.32842,43.05074],[-123.32864,43.05143],[-123.33259,43.05726],[-123.33319,43.05787],[-123.34175,43.06428],[-123.34334,43.06508],[-123.3445,43.0654],[-123.34566,43.06546],[-123.3467,43.06527],[-123.34859,43.06459],[-123.3501,43.06458],[-123.35137,43.06479],[-123.36188,43.06842],[-123.36273,43.06893],[-123.3633,43.06958],[-123.36362,43.07036],[-123.36675,43.08161],[-123.37103,43.08968],[-123.3726,43.09157],[-123.37372,43.09249],[-123.37582,43.09343],[-123.37789,43.09378],[-123.38022,43.09364],[-123.38226,43.09298],[-123.3833,43.09217],[-123.38366,43.0915],[-123.3843,43.08742],[-123.38477,43.08576],[-123.38634,43.08202],[-123.38717,43.08141],[-123.38822,43.08119],[-123.39009,43.08104],[-123.39338,43.08117],[-123.4104,43.08513],[-123.41216,43.08599],[-123.4241,43.09374],[-123.4263,43.09552],[-123.42721,43.09744],[-123.42781,43.10287],[-123.42761,43.10392],[-123.42705,43.10463],[-123.42391,43.10679],[-123.42218,43.10725],[-123.40535,43.10623],[-123.40254,43.10594],[-123.39866,43.10657],[-123.39718,43.10697],[-123.39352,43.10972],[-123.39197,43.11142],[-123.39107,43.11273],[-123.38781,43.11923],[-123.38656,43.12012],[-123.38378,43.12072],[-123.37712,43.1234],[-123.37587,43.12412],[-123.374,43.12595],[-123.37273,43.12843],[-123.37251,43.12904],[-123.37236,43.13061],[-123.37283,43.13225],[-123.37798,43.14085],[-123.37812,43.14167],[-123.37802,43.14238],[-123.36772,43.16706],[-123.36626,43.16873],[-123.3619,43.17276],[-123.36111,43.17392],[-123.36084,43.17491],[-123.36078,43.17607],[-123.36111,43.17731],[-123.36218,43.17872],[-123.3634,43.17931],[-123.3668,43.17954],[-123.36752,43.17973],[-123.36829,43.18022],[-123.36897,43.18098],[-123.36938,43.18178],[-123.36973,43.18303],[-123.36951,43.1846],[-123.3688,43.18584],[-123.36796,43.18672],[-123.36632,43.18772],[-123.35548,43.19203],[-123.35437,43.19266],[-123.35396,43.19307],[-123.35353,43.19403],[-123.35355,43.19521],[-123.354,43.19749],[-123.35402,43.1994],[-123.35492,43.20258],[-123.35473,43.2038],[-123.35436,43.20433],[-123.35024,43.20791],[-123.34387,43.21314],[-123.34321,43.21395],[-123.34305,43.21466],[-123.3433,43.21567],[-123.34421,43.21648],[-123.34662,43.21713],[-123.34906,43.21835],[-123.35233,43.21925],[-123.35347,43.22011],[-123.35411,43.22131],[-123.35473,43.2345],[-123.3517,43.2594],[-123.35189,43.26046],[-123.35235,43.26148],[-123.35457,43.26566],[-123.35496,43.26735],[-123.3547,43.2694],[-123.35351,43.27312],[-123.35447,43.27913],[-123.3547,43.27973],[-123.35545,43.28055],[-123.35842,43.28282],[-123.35925,43.28328],[-123.36108,43.28385],[-123.36207,43.28442],[-123.36362,43.28604],[-123.36408,43.28705],[-123.36408,43.28768],[-123.36253,43.29389],[-123.36204,43.29556],[-123.36131,43.29664],[-123.35813,43.29853],[-123.35175,43.30184],[-123.3495,43.30347],[-123.34563,43.30541],[-123.3445,43.30613],[-123.34346,43.30716],[-123.34281,43.30829],[-123.34254,43.30946],[-123.34262,43.31063],[-123.34292,43.31148],[-123.34423,43.3137],[-123.34456,43.31509],[-123.34445,43.3162],[-123.34413,43.317],[-123.34067,43.32146],[-123.34012,43.32238],[-123.33887,43.32815],[-123.33818,43.3297],[-123.32884,43.34301],[-123.32814,43.34448],[-123.32779,43.34649],[-123.32805,43.35022],[-123.32678,43.35539],[-123.32755,43.3608],[-123.3275,43.36268],[-123.31859,43.38592],[-123.31785,43.38662],[-123.31834,43.3866],[-123.31552,43.39388],[-123.3153,43.39543],[-123.31614,43.4012],[-123.31454,43.40813],[-123.31445,43.4113],[-123.31383,43.41206],[-123.31132,43.41344],[-123.30801,43.41421],[-123.30594,43.41524],[-123.30292,43.41562],[-123.30168,43.41608],[-123.3001,43.41743],[-123.29931,43.41889],[-123.29925,43.42013],[-123.29952,43.42099],[-123.3026,43.42553],[-123.30271,43.42606],[-123.30255,43.42779],[-123.30288,43.42859],[-123.31506,43.43942],[-123.31769,43.44245],[-123.32152,43.44636],[-123.32237,43.44789],[-123.3244,43.45462],[-123.32439,43.45537],[-123.32406,43.45615],[-123.31626,43.46426],[-123.31529,43.46561],[-123.31468,43.46707],[-123.31065,43.47947],[-123.31066,43.48002],[-123.311,43.48094],[-123.31363,43.48386],[-123.31402,43.48457],[-123.31418,43.4896],[-123.31438,43.4905],[-123.31472,43.49094],[-123.31665,43.49254],[-123.31692,43.49314],[-123.3171,43.49433],[-123.32033,43.49735],[-123.32067,43.49803],[-123.3207,43.49852],[-123.32029,43.49942],[-123.31712,43.50356],[-123.31008,43.50835],[-123.30935,43.50903],[-123.30893,43.50971],[-123.30876,43.5109],[-123.30907,43.51179],[-123.31234,43.51567],[-123.31264,43.51621],[-123.31276,43.51685],[-123.31266,43.51754],[-123.31185,43.51965],[-123.312,43.52108],[-123.31186,43.52185],[-123.3106,43.52461],[-123.30984,43.52556],[-123.30906,43.52609],[-123.3078,43.52654],[-123.30162,43.52744],[-123.3008,43.52789],[-123.29853,43.52967],[-123.29781,43.53003],[-123.29705,43.53019],[-123.29546,43.52998],[-123.29399,43.5289],[-123.29287,43.52852],[-123.29218,43.5285],[-123.28932,43.52923],[-123.28869,43.52918],[-123.28696,43.52852],[-123.28633,43.52855],[-123.28554,43.52868],[-123.28469,43.52948],[-123.28512,43.53325],[-123.28562,43.53489],[-123.28557,43.53837],[-123.28378,43.54371],[-123.28381,43.54498],[-123.28307,43.54872],[-123.28222,43.55162],[-123.2788,43.55997],[-123.27513,43.5649],[-123.27476,43.56587],[-123.27449,43.5673],[-123.27451,43.56817],[-123.27482,43.5696],[-123.28045,43.58735],[-123.2808,43.58914],[-123.28253,43.6042],[-123.28764,43.62131],[-123.28823,43.62243],[-123.28917,43.6236],[-123.29953,43.63388],[-123.30012,43.63481],[-123.30038,43.63617],[-123.29937,43.63964],[-123.29956,43.64239],[-123.29899,43.64597],[-123.29944,43.64719],[-123.30075,43.64817],[-123.30186,43.64848],[-123.30406,43.64879],[-123.30659,43.65009],[-123.30761,43.6503],[-123.31203,43.65065],[-123.31295,43.65104],[-123.31364,43.65172],[-123.31394,43.65237],[-123.31518,43.65737],[-123.31536,43.65866],[-123.31428,43.66576],[-123.31372,43.66709],[-123.30871,43.67391],[-123.30745,43.67496],[-123.30431,43.6763],[-123.30203,43.6779],[-123.30127,43.67864],[-123.30065,43.67983],[-123.29991,43.68423],[-123.2993,43.68522],[-123.2975,43.68663],[-123.29428,43.68805],[-123.29315,43.68879],[-123.28883,43.6938],[-123.28728,43.69504],[-123.28604,43.69573],[-123.28176,43.69772],[-123.27989,43.69823],[-123.27682,43.69823],[-123.27373,43.69782],[-123.26944,43.69804],[-123.26717,43.6976],[-123.26612,43.69765],[-123.26516,43.69798],[-123.26234,43.69975],[-123.25983,43.70058],[-123.24903,43.70148],[-123.24041,43.70342],[-123.23185,43.70423],[-123.22985,43.70496],[-123.22162,43.70916],[-123.21973,43.71073],[-123.20981,43.72334],[-123.20861,43.7245],[-123.19826,43.73362],[-123.19671,43.73447],[-123.18663,43.73908],[-123.18519,43.74004],[-123.18248,43.74331],[-123.1809,43.7472],[-123.18005,43.74788],[-123.1781,43.74862],[-123.17739,43.74905],[-123.17646,43.75041],[-123.17554,43.75107],[-123.1713,43.75212],[-123.17011,43.75209],[-123.16806,43.75167],[-123.16538,43.75194],[-123.16476,43.7522],[-123.16333,43.75329],[-123.15986,43.75357],[-123.15787,43.75392],[-123.15598,43.75367],[-123.15332,43.75392],[-123.15229,43.75368],[-123.14975,43.75234],[-123.14757,43.75209],[-123.14593,43.75215],[-123.14332,43.75282],[-123.14037,43.75424],[-123.13846,43.75455],[-123.13746,43.75444],[-123.13438,43.75328],[-123.13162,43.75308],[-123.13012,43.75277],[-123.12668,43.75143],[-123.12533,43.7511],[-123.12001,43.75079],[-123.11819,43.7509],[-123.11663,43.75123],[-123.11487,43.75183],[-123.08558,43.76234],[-123.0842,43.76326],[-123.08339,43.76419],[-123.04566,43.81402],[-123.0455,43.81517],[-123.04615,43.8215],[-123.04579,43.82278],[-123.04412,43.82642],[-123.04403,43.82806],[-123.04591,43.8371],[-123.0465,43.83845],[-123.04842,43.84169],[-123.0486,43.84234],[-123.0485,43.84317],[-123.04806,43.84392],[-123.04744,43.84446],[-123.04669,43.84486],[-123.04422,43.84565],[-123.04321,43.8466],[-123.02156,43.88723],[-123.02042,43.88978],[-123.0198,43.89189],[-123.01937,43.89507],[-123.01857,43.92039],[-123.01307,43.96927],[-123.01098,43.97528],[-123.01074,43.97648],[-123.01235,43.99646],[-123.0132,43.99802],[-123.01498,43.99994],[-123.0156,44.00082],[-123.02291,44.01612],[-123.02559,44.02017],[-123.02622,44.02136],[-123.02638,44.02206],[-123.02631,44.0242],[-123.02705,44.0261],[-123.02713,44.0267],[-123.02701,44.02734],[-123.02639,44.02872],[-123.02641,44.02949],[-123.0267,44.03022],[-123.03003,44.03482],[-123.03076,44.03534],[-123.03639,44.03827],[-123.03793,44.03858],[-123.04003,44.03838],[-123.04151,44.03789],[-123.04208,44.03726]]}},{"type":"Feature","properties":{"valuation":"3","line":"","operator":"Oregon & California Railroad Company","operator_as_printed":"O.&C. R.R.","nara_bundle":"1066","nara_vs":"003","from_terminus":"Springfield Jct.","to_terminus":"Albany","successor":"leased to/operated by Southern Pacific Company","extent_confidence":"low","uncertainty_notes":"Extent confidence low in section table. 1916 circle sits between Albany and Eugene; 1964 index says section runs on to East Portland. North end unconfirmed on 1916 map. Geometry drawn Springfield Jct.–East Portland: the 1916 leaders reach only Albany, but no other 1916 section covers Albany–East Portland and the 1964 index (SP Co. 17) runs the section to East Portland. The Albany–East Portland part is inferred.","manual_addition":false,"source_map":"1561305_001_014_Southern_Pacific_1916.jpg","ref_1964_sp_index":"SP Co. 17 Springfield Jct to E Portland (formerly O&C 3)","geometry_unmatched":false,"id":2,"nara_rrname":"Southern Pacific Company","nara_otherrr":"Oregon and California","nara_state":"OR","section_tag":"O&C-3","filed_under":"Southern Pacific Company"},"geometry":{"type":"LineString","coordinates":[[-123.04208,44.03726],[-123.04189,44.03761],[-123.04105,44.03821],[-123.04109,44.03846],[-123.04311,44.03902],[-123.04603,44.04091],[-123.05152,44.0436],[-123.05341,44.04437],[-123.0595,44.04609],[-123.06557,44.04869],[-123.06736,44.04917],[-123.06924,44.04943],[-123.07584,44.04946],[-123.07859,44.04974],[-123.08002,44.05011],[-123.08176,44.0508],[-123.08799,44.05429],[-123.0895,44.05484],[-123.09193,44.05531],[-123.10479,44.05696],[-123.10775,44.05766],[-123.11047,44.05863],[-123.11377,44.06036],[-123.14375,44.07912],[-123.14523,44.08014],[-123.14724,44.08191],[-123.14853,44.08341],[-123.14989,44.08556],[-123.19838,44.17881],[-123.19908,44.18088],[-123.19933,44.18241],[-123.20044,44.20352],[-123.20116,44.20351],[-123.20241,44.20429],[-123.20275,44.20467],[-123.20289,44.20518],[-123.20404,44.22757],[-123.204,44.22839],[-123.20362,44.22957],[-123.20289,44.23062],[-123.20168,44.23166],[-123.18181,44.24396],[-123.17136,44.25164],[-123.17028,44.25275],[-123.16962,44.25405],[-123.16945,44.25524],[-123.16959,44.27408],[-123.16759,44.27478],[-123.16691,44.27745],[-123.16616,44.27889],[-123.16524,44.28019],[-123.1634,44.28196],[-123.11106,44.32367],[-123.10985,44.32504],[-123.10882,44.32673],[-123.1084,44.32793],[-123.10812,44.33024],[-123.10817,44.38212],[-123.10831,44.38214],[-123.10839,44.38267],[-123.10839,44.3832],[-123.10818,44.38332],[-123.10818,44.41578],[-123.10824,44.45746],[-123.10844,44.45894],[-123.10844,44.46011],[-123.10824,44.4611],[-123.10823,44.46759],[-123.10843,44.62018],[-123.1081,44.6224],[-123.1071,44.62501],[-123.10561,44.62731],[-123.10327,44.62973],[-123.10062,44.63161],[-123.10011,44.6323],[-123.10009,44.63324],[-123.10108,44.63788],[-123.10081,44.63856],[-123.10044,44.63885],[-123.10002,44.63905],[-123.10271,44.6385],[-123.10164,44.63866],[-123.10003,44.63884],[-123.09904,44.63895],[-123.09753,44.63914],[-123.08371,44.6406],[-123.07711,44.64074],[-123.07572,44.64097],[-123.07291,44.64188],[-123.07119,44.64264],[-123.06926,44.64396],[-123.06804,44.64533],[-123.06735,44.64653],[-123.06581,44.65082],[-123.06563,44.65084],[-123.05401,44.68365],[-123.05365,44.68547],[-123.05361,44.68732],[-123.05446,44.69566],[-123.05429,44.69781],[-123.0538,44.69921],[-123.05279,44.70079],[-123.05211,44.70157],[-123.05025,44.70309],[-123.048,44.70428],[-123.04448,44.70547],[-123.01847,44.71355],[-123.01136,44.71539],[-123.00972,44.71609],[-123.00804,44.71737],[-123.00697,44.71907],[-123.00672,44.72026],[-123.00669,44.72355],[-123.00644,44.72515],[-123.00579,44.72691],[-123.00493,44.72836],[-123.00377,44.72975],[-123.00176,44.73145],[-122.99991,44.73257],[-122.99722,44.7337],[-122.99355,44.73458],[-122.9899,44.73483],[-122.95574,44.73345],[-122.95308,44.73351],[-122.94991,44.73422],[-122.94734,44.73545],[-122.9454,44.7371],[-122.9446,44.73818],[-122.94398,44.73953],[-122.93741,44.76562],[-122.93708,44.76758],[-122.93708,44.76937],[-122.9375,44.77179],[-122.95211,44.83593],[-122.95432,44.84546],[-122.955,44.84737],[-122.95608,44.84928],[-122.95748,44.85104],[-122.97355,44.86736],[-122.97564,44.86969],[-122.98508,44.88638],[-122.98741,44.88922],[-122.99074,44.89179],[-122.9993,44.89651],[-123.01985,44.90935],[-123.02193,44.91079],[-123.02391,44.91253],[-123.02612,44.91533],[-123.02731,44.91769],[-123.02796,44.92037],[-123.02804,44.92309],[-123.02786,44.92979],[-123.02806,44.93432],[-123.02777,44.93563],[-123.02184,44.94742],[-123.02015,44.94945],[-123.00454,44.97659],[-122.98348,45.02086],[-122.98246,45.02263],[-122.97939,45.02636],[-122.95015,45.06026],[-122.93271,45.08044],[-122.93127,45.08189],[-122.85948,45.13993],[-122.77158,45.21069],[-122.77051,45.21174],[-122.76907,45.21353],[-122.76362,45.2228],[-122.75874,45.22798],[-122.75807,45.22917],[-122.75725,45.23145],[-122.75626,45.23256],[-122.75496,45.23343],[-122.75287,45.23516],[-122.74472,45.23885],[-122.74084,45.23971],[-122.73609,45.2414],[-122.71769,45.25308],[-122.71536,45.25437],[-122.68081,45.2668],[-122.67693,45.26879],[-122.67448,45.2707],[-122.66351,45.28269],[-122.66166,45.28598],[-122.65897,45.28815],[-122.65823,45.2889],[-122.65793,45.28951],[-122.65755,45.29232],[-122.65703,45.29413],[-122.65708,45.29529],[-122.65885,45.29804],[-122.66099,45.30004],[-122.66219,45.30151],[-122.66293,45.3031],[-122.66338,45.30509],[-122.66317,45.30632],[-122.65922,45.3171],[-122.65901,45.31852],[-122.65904,45.3209],[-122.65866,45.32373],[-122.6582,45.32534],[-122.65707,45.32733],[-122.65344,45.33151],[-122.64889,45.33548],[-122.64722,45.33655],[-122.62542,45.34692],[-122.62313,45.34764],[-122.61964,45.34814],[-122.61775,45.34917],[-122.6147,45.35181],[-122.60817,45.35688],[-122.60639,45.35788],[-122.60374,45.35968],[-122.60409,45.35999],[-122.59649,45.36746],[-122.59581,45.36834],[-122.59264,45.37384],[-122.59216,45.37535],[-122.59237,45.37681],[-122.59704,45.38387],[-122.59792,45.38409],[-122.60139,45.38403],[-122.60254,45.38427],[-122.60296,45.38454],[-122.63072,45.40332],[-122.63813,45.41004],[-122.64155,45.41285],[-122.64158,45.42249],[-122.63838,45.42785],[-122.63554,45.43069],[-122.63532,45.43142],[-122.63551,45.43252],[-122.6361,45.43366],[-122.63958,45.4366],[-122.64138,45.43871],[-122.63805,45.44527],[-122.63675,45.44859],[-122.63608,45.45196],[-122.63576,45.45509],[-122.63595,45.45872],[-122.64137,45.48189],[-122.64155,45.48178],[-122.64242,45.48377],[-122.65152,45.48609],[-122.65176,45.48735],[-122.65253,45.48849],[-122.65364,45.48932],[-122.65679,45.49091],[-122.658,45.49203],[-122.65878,45.49327],[-122.66085,45.50072],[-122.66177,45.50296],[-122.66185,45.50666],[-122.66219,45.50731],[-122.66294,45.50806],[-122.66276,45.50798],[-122.66194,45.50844],[-122.6618,45.50867],[-122.66195,45.50941],[-122.66184,45.5218]]}},{"type":"Feature","properties":{"valuation":"3a","line":"","operator":"Oregon & California Railroad Company","operator_as_printed":"O.&C. R.R.","nara_bundle":"1066","nara_vs":"003A","from_terminus":"","to_terminus":"","successor":"leased to/operated by Southern Pacific Company","extent_confidence":"none","uncertainty_notes":"Extent confidence none in section table. Not found on 1916 map; listed in NARA finding aid (O&C 003A) and 1964 index. Extent blank. Not on the 1916 map; geometry drawn East Portland–Portland (Steel Bridge) from the 1964 index only.","manual_addition":false,"source_map":"1561305_001_014_Southern_Pacific_1916.jpg","ref_1964_sp_index":"SP Co. 18 E Portland to Portland (formerly O&C 3a)","geometry_unmatched":false,"id":3,"nara_rrname":"Southern Pacific Company","nara_otherrr":"Oregon and California","nara_state":"OR","section_tag":"O&C-3a","filed_under":"Southern Pacific Company"},"geometry":{"type":"LineString","coordinates":[[-122.66184,45.5218],[-122.6619,45.52564],[-122.66399,45.52619],[-122.66563,45.52736],[-122.66709,45.52811],[-122.66793,45.52808],[-122.6706,45.5269],[-122.67171,45.52695],[-122.67471,45.52792],[-122.67641,45.52932]]}},{"type":"Feature","properties":{"valuation":"3b","line":"","operator":"Oregon & California Railroad Company","operator_as_printed":"O.&C. R.R.","nara_bundle":"1066","nara_vs":"003B","from_terminus":"Geer","to_terminus":"Salem","successor":"leased to/operated by Southern Pacific Company","extent_confidence":"high","uncertainty_notes":"","manual_addition":false,"source_map":"1561305_001_014_Southern_Pacific_1916.jpg","ref_1964_sp_index":"SP Co. 19 Geer to Salem (formerly O&C 3b)","geometry_unmatched":false,"id":4,"nara_rrname":"Southern Pacific Company","nara_otherrr":"Oregon and California","nara_state":"OR","section_tag":"O&C-3b","filed_under":"Southern Pacific Company"},"geometry":{"type":"LineString","coordinates":[[-122.91443,44.9313],[-122.99267,44.93175],[-122.99494,44.93156],[-122.99489,44.93168],[-123.00422,44.93065],[-123.01007,44.92915],[-123.01374,44.92882],[-123.01839,44.92932],[-123.02569,44.93055],[-123.02683,44.93045],[-123.02757,44.93003],[-123.02774,44.92976],[-123.02786,44.92979],[-123.02789,44.93074]]}},{"type":"Feature","properties":{"valuation":"4","line":"","operator":"Oregon & California Railroad Company","operator_as_printed":"O.&C. R.R.","nara_bundle":"1067","nara_vs":"004","from_terminus":"Portland","to_terminus":"Whiteson","successor":"leased to/operated by Southern Pacific Company","extent_confidence":"medium","uncertainty_notes":"Extent confidence medium in section table. 1916 leaders run to Whiteson and toward Portland; route via Hillsboro, Forest Grove, Carlton, St. Joseph as drawn.","manual_addition":false,"source_map":"1561305_001_014_Southern_Pacific_1916.jpg","ref_1964_sp_index":"SP Co. 20 Whiteson to Portland (formerly O&C 4)","geometry_unmatched":false,"id":5,"nara_rrname":"Southern Pacific Company","nara_otherrr":"Oregon and California","nara_state":"OR","section_tag":"O&C-4","filed_under":"Southern Pacific Company"},"geometry":{"type":"LineString","coordinates":[[-122.67622,45.51078],[-122.67624,45.50893],[-122.67604,45.5076],[-122.67525,45.5058],[-122.67393,45.50422],[-122.67328,45.50203],[-122.67345,45.49431],[-122.67422,45.49157],[-122.67557,45.4899],[-122.67824,45.49104],[-122.67905,45.49068],[-122.68098,45.49019],[-122.6825,45.48922],[-122.68274,45.48822],[-122.68206,45.48565],[-122.6811,45.48435],[-122.68067,45.48331],[-122.67925,45.47387],[-122.67933,45.47291],[-122.68013,45.47195],[-122.6807,45.47156],[-122.68155,45.47131],[-122.68267,45.47117],[-122.68961,45.47116],[-122.69252,45.47074],[-122.69318,45.47083],[-122.694,45.47132],[-122.69678,45.47636],[-122.69782,45.47752],[-122.69909,45.47834],[-122.70087,45.47896],[-122.70666,45.47968],[-122.70922,45.48042],[-122.71686,45.4837],[-122.71859,45.4842],[-122.72107,45.48466],[-122.72391,45.48479],[-122.72581,45.48431],[-122.72682,45.48376],[-122.72884,45.48176],[-122.7305,45.48117],[-122.73432,45.48092],[-122.73742,45.48136],[-122.74274,45.48354],[-122.74423,45.48386],[-122.7453,45.48372],[-122.74654,45.48307],[-122.74778,45.48268],[-122.7589,45.48098],[-122.76248,45.47951],[-122.76379,45.4794],[-122.76529,45.47951],[-122.76789,45.48017],[-122.77267,45.48273],[-122.77488,45.4835],[-122.77829,45.48423],[-122.78395,45.48506],[-122.94981,45.50223],[-122.95213,45.50286],[-122.98222,45.51528],[-122.98418,45.51583],[-122.98688,45.51629],[-122.98932,45.51644],[-122.99042,45.51676],[-122.99112,45.51732],[-122.99138,45.51805],[-122.99132,45.52135],[-122.99073,45.5214],[-122.99132,45.52143],[-122.99143,45.51661],[-122.99181,45.51584],[-122.99264,45.51527],[-122.99502,45.51429],[-122.99698,45.51383],[-122.99902,45.51362],[-123.00089,45.51366],[-123.00309,45.514],[-123.01051,45.51605],[-123.01288,45.51728],[-123.01458,45.51771],[-123.01938,45.5178],[-123.03253,45.51936],[-123.03554,45.51959],[-123.06078,45.51966],[-123.06323,45.52419],[-123.06627,45.52402],[-123.0973,45.52378],[-123.09748,45.52388],[-123.10047,45.52317],[-123.1061,45.52078],[-123.10949,45.51904],[-123.11168,45.51735],[-123.11326,45.51546],[-123.11391,45.51332],[-123.11404,45.50349],[-123.11453,45.50232],[-123.11504,45.50175],[-123.11492,45.50181],[-123.11637,45.50074],[-123.118,45.49926],[-123.11986,45.4969],[-123.12578,45.48609],[-123.14232,45.45705],[-123.14307,45.45495],[-123.14319,45.4537],[-123.1431,45.45237],[-123.14218,45.4492],[-123.14148,45.44529],[-123.13965,45.43697],[-123.13635,45.42272],[-123.13571,45.4206],[-123.13485,45.41842],[-123.13357,45.41678],[-123.13188,45.41558],[-123.12874,45.414],[-123.12765,45.41318],[-123.12625,45.41173],[-123.12348,45.40693],[-123.12311,45.40513],[-123.12334,45.40343],[-123.12357,45.40276],[-123.12457,45.40111],[-123.12755,45.39834],[-123.12814,45.39796],[-123.12954,45.39758],[-123.13551,45.39377],[-123.13597,45.39285],[-123.13763,45.38788],[-123.13943,45.38467],[-123.14111,45.38283],[-123.15483,45.37412],[-123.15718,45.37209],[-123.16003,45.36844],[-123.17013,45.35279],[-123.1708,45.35149],[-123.17116,45.34906],[-123.17228,45.3324],[-123.17859,45.3079],[-123.17873,45.30633],[-123.17862,45.3049],[-123.17719,45.29675],[-123.17567,45.28928],[-123.17491,45.28727],[-123.17338,45.28441],[-123.17204,45.28137],[-123.16597,45.26418],[-123.16525,45.26281],[-123.16382,45.26069],[-123.14765,45.23883],[-123.14717,45.23846],[-123.14642,45.23823],[-123.14466,45.2382],[-123.14338,45.23844],[-123.14495,45.2378],[-123.14578,45.23706],[-123.14617,45.23627],[-123.14653,45.23426],[-123.14683,45.23359],[-123.14759,45.23258],[-123.15165,45.22896],[-123.1531,45.22805],[-123.15483,45.22725],[-123.15677,45.22669],[-123.15875,45.22641],[-123.16432,45.22613],[-123.16691,45.22545],[-123.18777,45.2159],[-123.18885,45.21528],[-123.18998,45.21421],[-123.19083,45.21266],[-123.19107,45.20907],[-123.19331,45.20235],[-123.20057,45.19181],[-123.20169,45.18976],[-123.20229,45.18803],[-123.2046,45.16987],[-123.2061,45.16529],[-123.20635,45.16302]]}},{"type":"Feature","properties":{"valuation":"4a","line":"","operator":"Oregon & California Railroad Company","operator_as_printed":"O.&C. R.R.","nara_bundle":"1067","nara_vs":"004A","from_terminus":"Forest Grove","to_terminus":"Forest Grove","successor":"leased to/operated by Southern Pacific Company","extent_confidence":"medium","uncertainty_notes":"Extent confidence medium in section table. 1916 leader points only to Forest Grove; termini from 1964 index (loop). Loop: drawn as a short stub at Forest Grove to mark the location only.","manual_addition":false,"source_map":"1561305_001_014_Southern_Pacific_1916.jpg","ref_1964_sp_index":"SP Co. 20a Loop at Forest Grove (formerly O&C 4a)","geometry_unmatched":false,"id":6,"nara_rrname":"Southern Pacific Company","nara_otherrr":"Oregon and California","nara_state":"OR","section_tag":"O&C-4a","filed_under":"Southern Pacific Company"},"geometry":{"type":"LineString","coordinates":[[-123.118,45.519],[-123.106,45.519]]}},{"type":"Feature","properties":{"valuation":"4b","line":"","operator":"Oregon & California Railroad Company","operator_as_printed":"O.&C. R.R.","nara_bundle":"1067","nara_vs":"004B","from_terminus":"Hillsboro","to_terminus":"Hillsboro","successor":"leased to/operated by Southern Pacific Company","extent_confidence":"medium","uncertainty_notes":"Extent confidence medium in section table. 1916 leader points only to Hillsboro; termini from 1964 index (loop). Loop: drawn as a short stub at Hillsboro to mark the location only.","manual_addition":false,"source_map":"1561305_001_014_Southern_Pacific_1916.jpg","ref_1964_sp_index":"SP Co. 20b Loop at Hillsboro (formerly O&C 4b)","geometry_unmatched":false,"id":7,"nara_rrname":"Southern Pacific Company","nara_otherrr":"Oregon and California","nara_state":"OR","section_tag":"O&C-4b","filed_under":"Southern Pacific Company"},"geometry":{"type":"LineString","coordinates":[[-122.994,45.522],[-122.982,45.522]]}},{"type":"Feature","properties":{"valuation":"5","line":"","operator":"Oregon & California Railroad Company","operator_as_printed":"O.&C. R.R.","nara_bundle":"1067","nara_vs":"005","from_terminus":"Whiteson","to_terminus":"Corvallis","successor":"leased to/operated by Southern Pacific Company","extent_confidence":"high","uncertainty_notes":"","manual_addition":false,"source_map":"1561305_001_014_Southern_Pacific_1916.jpg","ref_1964_sp_index":"SP Co. 21 Corvallis to Whiteson (formerly O&C 5)","geometry_unmatched":false,"id":8,"nara_rrname":"Southern Pacific Company","nara_otherrr":"Oregon and California","nara_state":"OR","section_tag":"O&C-5","filed_under":"Southern Pacific Company"},"geometry":{"type":"LineString","coordinates":[[-123.20635,45.16302],[-123.20589,45.16115],[-123.2048,45.15941],[-123.20374,45.15836],[-123.20035,45.15596],[-123.19915,45.15469],[-123.19818,45.1529],[-123.19784,45.1509],[-123.19823,45.14888],[-123.19885,45.1477],[-123.20569,45.13796],[-123.20648,45.13639],[-123.2068,45.13528],[-123.20689,45.13327],[-123.20622,45.1303],[-123.20617,45.12891],[-123.2074,45.11959],[-123.20748,45.11455],[-123.20804,45.10855],[-123.20775,45.10704],[-123.20635,45.10381],[-123.20617,45.10178],[-123.21644,45.05589],[-123.21674,45.05396],[-123.21706,45.0456],[-123.21697,45.04416],[-123.21171,45.03133],[-123.2085,45.01865],[-123.20821,45.01687],[-123.20947,44.99561],[-123.20677,44.94962],[-123.20704,44.94756],[-123.21446,44.92724],[-123.21479,44.92525],[-123.21468,44.92415],[-123.2143,44.92299],[-123.20559,44.90439],[-123.20332,44.8999],[-123.18973,44.87128],[-123.18687,44.86505],[-123.18602,44.86222],[-123.18604,44.84972],[-123.18612,44.84826],[-123.18641,44.84674],[-123.1965,44.81722],[-123.19896,44.81122],[-123.20005,44.80634],[-123.20246,44.80086],[-123.20362,44.79518],[-123.20416,44.79374],[-123.20527,44.79162],[-123.20548,44.7904],[-123.20494,44.78426],[-123.20454,44.77056],[-123.20447,44.75908],[-123.20474,44.75536],[-123.20673,44.73899],[-123.20735,44.72567],[-123.20686,44.72419],[-123.20583,44.72291],[-123.20235,44.72065],[-123.20132,44.71969],[-123.19418,44.70828],[-123.19374,44.70694],[-123.1938,44.69617],[-123.19433,44.69447],[-123.19959,44.68316],[-123.20083,44.68151],[-123.20428,44.67856],[-123.20531,44.67708],[-123.20923,44.66708],[-123.21014,44.66535],[-123.21112,44.66393],[-123.21403,44.66101],[-123.23497,44.64295],[-123.23901,44.63921],[-123.2397,44.63827],[-123.24022,44.63668],[-123.24054,44.63201],[-123.2444,44.61415],[-123.24644,44.60527],[-123.24804,44.59993],[-123.25097,44.59294],[-123.26007,44.57303],[-123.26404,44.56527]]}},{"type":"Feature","properties":{"valuation":"5a","line":"","operator":"Oregon & California Railroad Company","operator_as_printed":"O.&C. R.R.","nara_bundle":"1067","nara_vs":"005A","from_terminus":"Whiteson","to_terminus":"Airlie","successor":"leased to/operated by Southern Pacific Company","extent_confidence":"medium","uncertainty_notes":"Extent confidence medium in section table. 1916 leader reaches Airlie; route via Dallas and Monmouth as drawn. Overlap with O&C 11 near Broadmead unclear.","manual_addition":false,"source_map":"1561305_001_014_Southern_Pacific_1916.jpg","ref_1964_sp_index":"SP Co. 22 Whiteson to (former) Airlie (formerly O&C 5a)","geometry_unmatched":false,"id":9,"nara_rrname":"Southern Pacific Company","nara_otherrr":"Oregon and California","nara_state":"OR","section_tag":"O&C-5a","filed_under":"Southern Pacific Company"},"geometry":{"type":"LineString","coordinates":[[-123.20635,45.16302],[-123.20589,45.16115],[-123.20509,45.15978],[-123.20374,45.15836],[-123.19997,45.15559],[-123.19876,45.15397],[-123.19884,45.15319],[-123.19973,45.15254],[-123.20452,45.15115],[-123.22003,45.14765],[-123.22611,45.14575],[-123.22728,45.14488],[-123.22776,45.14374],[-123.23166,45.1284],[-123.23222,45.1274],[-123.23405,45.12515],[-123.23473,45.12403],[-123.24145,45.10734],[-123.24322,45.1053],[-123.24688,45.09956],[-123.2497,45.09303],[-123.25036,45.09225],[-123.26456,45.08122],[-123.26561,45.07994],[-123.27019,45.07218],[-123.27128,45.07129],[-123.27128,45.07108],[-123.27037,45.07079],[-123.26996,45.0705],[-123.26027,45.06031],[-123.2598,45.05948],[-123.25944,45.05805],[-123.25954,45.04679],[-123.25942,45.04633],[-123.25908,45.04588],[-123.25788,45.04498],[-123.24953,45.04159],[-123.24846,45.04086],[-123.24792,45.03997],[-123.24781,45.03934],[-123.24786,45.02644],[-123.24753,45.02443],[-123.2487,45.01516],[-123.24895,45.01427],[-123.2494,45.01357],[-123.25314,45.01012],[-123.25373,45.00937],[-123.2559,45.00366],[-123.25732,45.00142],[-123.25879,44.99691],[-123.26419,44.98733],[-123.26446,44.98643],[-123.26458,44.98379],[-123.26481,44.98264],[-123.26542,44.98167],[-123.26746,44.97954],[-123.2682,44.97845],[-123.26856,44.97727],[-123.26865,44.97483],[-123.26922,44.97389],[-123.27064,44.97272],[-123.27093,44.96758],[-123.27163,44.96687],[-123.27267,44.96654],[-123.281,44.96655],[-123.28211,44.9664],[-123.28364,44.96566],[-123.28445,44.96466],[-123.28472,44.96363],[-123.28476,44.95328],[-123.28507,44.95218],[-123.2855,44.95151],[-123.29849,44.94048],[-123.29921,44.93944],[-123.29979,44.93762],[-123.3003,44.93701],[-123.30326,44.93524],[-123.30671,44.93267],[-123.31127,44.93031],[-123.31271,44.92886],[-123.31511,44.92588],[-123.31822,44.92298],[-123.31861,44.92217],[-123.31867,44.91804],[-123.31854,44.91731],[-123.31799,44.9164],[-123.31695,44.91565],[-123.27014,44.90256],[-123.25688,44.89757],[-123.25473,44.89651],[-123.2477,44.8887],[-123.24684,44.88751],[-123.23647,44.86029],[-123.23574,44.85804],[-123.23546,44.85599],[-123.2355,44.84279],[-123.23604,44.84128],[-123.2372,44.83927],[-123.24616,44.82863],[-123.24819,44.82456],[-123.24846,44.82257],[-123.24835,44.82155],[-123.2474,44.82015],[-123.24599,44.81854],[-123.24498,44.81663],[-123.24425,44.81325],[-123.24453,44.81223],[-123.24494,44.81159],[-123.24803,44.81018],[-123.25285,44.80573],[-123.25414,44.80476],[-123.25704,44.80401],[-123.25966,44.80269],[-123.26236,44.80053],[-123.26328,44.7994],[-123.26375,44.79776],[-123.2639,44.79314],[-123.26405,44.79267],[-123.26506,44.7922],[-123.26611,44.79209],[-123.27038,44.79211],[-123.2768,44.79168],[-123.28077,44.78941],[-123.2845,44.78836],[-123.28819,44.78679],[-123.30025,44.78041],[-123.3021,44.77979],[-123.3116,44.77737],[-123.31358,44.7761],[-123.32051,44.77088],[-123.32634,44.76495],[-123.32806,44.76148],[-123.32841,44.75408]]}},{"type":"Feature","properties":{"valuation":"6","line":"","operator":"Oregon & California Railroad Company","operator_as_printed":"O.&C. R.R.","nara_bundle":"1067","nara_vs":"006","from_terminus":"Portland","to_terminus":"St. Joseph","successor":"leased to/operated by Southern Pacific Company","extent_confidence":"medium","uncertainty_notes":"Extent confidence medium in section table. 1916 leaders reach St. Joseph and the B.&W. junction south of Portland; drawn line labelled ORE. & CALIF. Portland–Oswego overlaps the 1916 S.P. Co. 9 leaders (see S.P. Co. 9).","manual_addition":false,"source_map":"1561305_001_014_Southern_Pacific_1916.jpg","ref_1964_sp_index":"SP Co. 23 St. Joseph to Portland (formerly O&C 6)","geometry_unmatched":false,"id":10,"nara_rrname":"Southern Pacific Company","nara_otherrr":"Oregon and California","nara_state":"OR","section_tag":"O&C-6","filed_under":"Southern Pacific Company"},"geometry":{"type":"LineString","coordinates":[[-122.67622,45.51078],[-122.67624,45.50893],[-122.67604,45.5076],[-122.67575,45.50738],[-122.67571,45.50773],[-122.67227,45.50188],[-122.67195,45.50109],[-122.67186,45.50028],[-122.67208,45.49305],[-122.67233,45.49074],[-122.67334,45.48617],[-122.67319,45.48541],[-122.67235,45.48347],[-122.67252,45.48184],[-122.67114,45.47735],[-122.67122,45.47547],[-122.67054,45.46873],[-122.66851,45.46499],[-122.66822,45.46249],[-122.66771,45.46151],[-122.65953,45.45257],[-122.659,45.4517],[-122.65842,45.45009],[-122.65718,45.44786],[-122.65604,45.44684],[-122.65472,45.44516],[-122.65193,45.4432],[-122.65121,45.44205],[-122.65096,45.44082],[-122.65079,45.43945],[-122.65089,45.43881],[-122.65111,45.43845],[-122.65266,45.43713],[-122.65286,45.43669],[-122.65299,45.4361],[-122.65253,45.4345],[-122.65264,45.43388],[-122.65507,45.43013],[-122.65721,45.42839],[-122.65929,45.42558],[-122.66098,45.42366],[-122.66175,45.42235],[-122.66248,45.41904],[-122.6637,45.41787],[-122.66563,45.4172],[-122.66999,45.41643],[-122.67831,45.4163],[-122.68362,45.41591],[-122.68572,45.416],[-122.6915,45.41708],[-122.69401,45.41694],[-122.69558,45.41637],[-122.69948,45.41417],[-122.7034,45.41269],[-122.70617,45.41056],[-122.70827,45.40959],[-122.71177,45.40877],[-122.72507,45.40446],[-122.73776,45.40156],[-122.73944,45.40146],[-122.74151,45.40183],[-122.74013,45.40126],[-122.73948,45.4006],[-122.73918,45.39977],[-122.73957,45.3987],[-122.74512,45.3915],[-122.74688,45.38998],[-122.74908,45.38885],[-122.75228,45.38797],[-122.75733,45.38746],[-122.77387,45.38713],[-122.77639,45.38681],[-122.8068,45.3778],[-122.80837,45.37696],[-122.84474,45.35333],[-122.84553,45.35306],[-122.84859,45.35279],[-122.84956,45.35254],[-122.85587,45.34685],[-122.87041,45.34229],[-122.87135,45.34165],[-122.87293,45.33876],[-122.87359,45.3382],[-122.87704,45.33722],[-122.88022,45.33534],[-122.88107,45.3352],[-122.88274,45.33524],[-122.88374,45.3349],[-122.88458,45.3341],[-122.88556,45.33235],[-122.88732,45.33109],[-122.88832,45.32848],[-122.89051,45.32523],[-122.89087,45.32492],[-122.89208,45.32459],[-122.89379,45.32485],[-122.89483,45.32467],[-122.89557,45.32407],[-122.89608,45.32287],[-122.89647,45.3224],[-122.8986,45.32172],[-122.90195,45.31935],[-122.90402,45.31851],[-122.9053,45.31761],[-122.90632,45.31716],[-122.90762,45.31676],[-122.91162,45.31637],[-122.91343,45.31595],[-122.9151,45.31576],[-122.91696,45.31495],[-122.91756,45.31487],[-122.91847,45.31503],[-122.91943,45.31574],[-122.91963,45.31637],[-122.91953,45.31735],[-122.91986,45.31799],[-122.92102,45.31859],[-122.9224,45.31971],[-122.92609,45.32116],[-122.92644,45.32159],[-122.92673,45.32256],[-122.92723,45.32309],[-122.92866,45.32372],[-122.9297,45.32395],[-122.93103,45.32377],[-122.93292,45.3229],[-122.93973,45.32104],[-122.94138,45.31992],[-122.97913,45.30283],[-122.98037,45.30206],[-123.00276,45.28594],[-123.03189,45.25239],[-123.03303,45.25133],[-123.04249,45.24433],[-123.04526,45.24322],[-123.05502,45.23989],[-123.0567,45.23897],[-123.05954,45.23665],[-123.06107,45.2358],[-123.06243,45.23543],[-123.0635,45.23533],[-123.07184,45.23549],[-123.10265,45.24178],[-123.10413,45.24193],[-123.10856,45.24149],[-123.10977,45.2415],[-123.11933,45.24345],[-123.13058,45.24241],[-123.13826,45.24006]]}},{"type":"Feature","properties":{"valuation":"7","line":"","operator":"Oregon & California Railroad Company","operator_as_printed":"O.&C. R.R.","nara_bundle":"1067","nara_vs":"007","from_terminus":"Albany","to_terminus":"Tallman","successor":"leased to/operated by Southern Pacific Company","extent_confidence":"high","uncertainty_notes":"","manual_addition":false,"source_map":"1561305_001_014_Southern_Pacific_1916.jpg","ref_1964_sp_index":"SP Co. 24 Albany to Tallman (formerly O&C 7)","geometry_unmatched":false,"id":11,"nara_rrname":"Southern Pacific Company","nara_otherrr":"Oregon and California","nara_state":"OR","section_tag":"O&C-7","filed_under":"Southern Pacific Company"},"geometry":{"type":"LineString","coordinates":[[-123.10659,44.6381],[-123.10268,44.63848],[-123.10002,44.63905],[-123.10081,44.63856],[-123.10108,44.63788],[-123.10009,44.63324],[-123.10011,44.6323],[-123.10062,44.63161],[-123.1023,44.63044],[-123.10405,44.62896],[-123.10582,44.62696],[-123.10729,44.62447],[-123.10802,44.62222],[-123.10833,44.61958],[-123.10827,44.61387],[-123.10794,44.61297],[-123.10726,44.61201],[-123.10643,44.61123],[-123.10514,44.61045],[-123.09308,44.60601],[-122.94302,44.55704]]}},{"type":"Feature","properties":{"valuation":"8","line":"","operator":"Oregon & California Railroad Company","operator_as_printed":"O.&C. R.R.","nara_bundle":"1067","nara_vs":"008","from_terminus":"Woodburn","to_terminus":"Springfield","successor":"leased to/operated by Southern Pacific Company","extent_confidence":"high","uncertainty_notes":"Two O.&C. 8 circles on 1916 map (near Woodburn and near Tallman), same section.","manual_addition":false,"source_map":"1561305_001_014_Southern_Pacific_1916.jpg","ref_1964_sp_index":"SP Co. 25 Springfield to Woodburn (formerly O&C 8)","geometry_unmatched":false,"id":12,"nara_rrname":"Southern Pacific Company","nara_otherrr":"Oregon and California","nara_state":"OR","section_tag":"O&C-8","filed_under":"Southern Pacific Company"},"geometry":{"type":"LineString","coordinates":[[-122.85413,45.1442],[-122.85625,45.14249],[-122.8566,45.14199],[-122.85674,45.14147],[-122.85665,45.1409],[-122.85622,45.14035],[-122.83702,45.13269],[-122.81515,45.12373],[-122.8139,45.12295],[-122.81297,45.12179],[-122.81264,45.12088],[-122.79001,45.02682],[-122.78645,45.01195],[-122.78623,45.01046],[-122.78679,45.00928],[-122.78804,45.00837],[-122.79005,45.0076],[-122.7936,45.00671],[-122.81022,44.99984],[-122.8157,44.99727],[-122.81885,44.9949],[-122.81994,44.99452],[-122.82197,44.99413],[-122.82305,44.99366],[-122.82786,44.99056],[-122.82901,44.98999],[-122.86512,44.97917],[-122.86748,44.97807],[-122.86924,44.97652],[-122.87034,44.97485],[-122.89196,44.93248],[-122.89254,44.93173],[-122.89334,44.93129],[-122.89561,44.93117],[-122.89438,44.93084],[-122.89359,44.93008],[-122.89341,44.92815],[-122.89219,44.92413],[-122.89221,44.92345],[-122.89249,44.92275],[-122.89423,44.92109],[-122.89454,44.92017],[-122.89397,44.91736],[-122.89274,44.91544],[-122.89196,44.91488],[-122.89156,44.91432],[-122.89058,44.9098],[-122.89068,44.90921],[-122.89218,44.90732],[-122.89217,44.9066],[-122.87047,44.87391],[-122.86889,44.87026],[-122.86886,44.86975],[-122.86932,44.86849],[-122.86937,44.8677],[-122.86905,44.867],[-122.86795,44.8655],[-122.86781,44.86387],[-122.8673,44.86335],[-122.8664,44.86306],[-122.86582,44.86306],[-122.86434,44.86348],[-122.86332,44.86338],[-122.86252,44.8629],[-122.86221,44.86216],[-122.86249,44.86147],[-122.86325,44.861],[-122.86661,44.86076],[-122.86978,44.85957],[-122.87044,44.85914],[-122.87126,44.85786],[-122.87142,44.85722],[-122.87103,44.85647],[-122.86951,44.85559],[-122.86897,44.85495],[-122.86562,44.84237],[-122.86534,44.84051],[-122.86577,44.80543],[-122.8657,44.80333],[-122.86562,44.80312],[-122.86552,44.80297],[-122.86537,44.80279],[-122.86518,44.80263],[-122.86556,44.80303],[-122.86566,44.8032],[-122.86572,44.80339],[-122.86576,44.80368],[-122.86645,44.76321],[-122.86637,44.76177],[-122.8659,44.76042],[-122.86321,44.75504],[-122.86306,44.75383],[-122.86342,44.75131],[-122.8796,44.7159],[-122.88133,44.71342],[-122.89173,44.69983],[-122.8998,44.69316],[-122.90092,44.69204],[-122.90461,44.68508],[-122.90516,44.68298],[-122.90611,44.6568],[-122.90604,44.65578],[-122.90546,44.65386],[-122.89206,44.61783],[-122.89279,44.6166],[-122.89421,44.61529],[-122.89687,44.61443],[-122.90047,44.61392],[-122.90644,44.61483],[-122.90833,44.61443],[-122.90996,44.61379],[-122.96748,44.57015],[-122.96937,44.5686],[-122.97051,44.5666],[-122.97183,44.56529],[-122.97549,44.56271],[-122.98466,44.55727],[-122.9928,44.55366],[-122.99752,44.55088],[-123.00482,44.54277],[-123.00593,44.54094],[-123.01194,44.49785],[-123.01246,44.48827],[-123.01332,44.47777],[-123.01362,44.47615],[-123.01546,44.46993],[-123.01598,44.46674],[-123.01595,44.42615],[-123.0155,44.42503],[-122.98875,44.3992],[-122.98791,44.39818],[-122.98797,44.39716],[-122.98887,44.39574],[-122.99016,44.39468],[-122.99512,44.39256],[-122.99643,44.39141],[-123.01194,44.3743],[-123.05297,44.32612],[-123.07451,44.29842],[-123.0873,44.28472],[-123.08848,44.28142],[-123.08657,44.1802],[-123.08571,44.17848],[-123.0725,44.15699],[-123.06928,44.15314],[-123.06777,44.15031],[-123.06546,44.13801],[-123.06499,44.13713],[-123.06434,44.13676],[-123.06228,44.13627],[-123.0556,44.13237],[-123.0543,44.13123],[-123.05166,44.12818],[-123.04697,44.11434],[-123.0468,44.1135],[-123.04688,44.11289],[-123.04773,44.11085],[-123.05413,44.10712],[-123.05499,44.10629],[-123.05604,44.10418],[-123.05621,44.10278],[-123.05557,44.10125],[-123.04947,44.09202],[-123.0319,44.07765],[-123.03095,44.07621],[-123.02235,44.05167],[-123.02213,44.04998],[-123.02207,44.04569]]}},{"type":"Feature","properties":{"valuation":"9","line":"","operator":"Oregon & California Railroad Company","operator_as_printed":"O.&C. R.R.","nara_bundle":"1067","nara_vs":"009","from_terminus":"Springfield Jct.","to_terminus":"Natron","successor":"leased to/operated by Southern Pacific Company","extent_confidence":"high","uncertainty_notes":"","manual_addition":false,"source_map":"1561305_001_014_Southern_Pacific_1916.jpg","ref_1964_sp_index":"SP Co. 26 Springfield to Natron (formerly O&C 9)","geometry_unmatched":false,"id":13,"nara_rrname":"Southern Pacific Company","nara_otherrr":"Oregon and California","nara_state":"OR","section_tag":"O&C-9","filed_under":"Southern Pacific Company"},"geometry":{"type":"LineString","coordinates":[[-123.04208,44.03726],[-123.04151,44.03789],[-123.04035,44.03831],[-123.03705,44.03915],[-123.02238,44.04436],[-123.02096,44.04473],[-123.01987,44.0448],[-122.99534,44.04148],[-122.96126,44.03908],[-122.95827,44.03909],[-122.95296,44.0396],[-122.95127,44.03953],[-122.94939,44.03896],[-122.94675,44.0375],[-122.94173,44.03609],[-122.93762,44.03453],[-122.93591,44.03361],[-122.9348,44.03256],[-122.9295,44.02539],[-122.92357,44.01864],[-122.92237,44.01683],[-122.92076,44.01344],[-122.92021,44.01269],[-122.91525,44.00797],[-122.9117,44.00571],[-122.90913,44.00222],[-122.90573,44.00028],[-122.9048,43.99952],[-122.89808,43.99012],[-122.89709,43.98897],[-122.89559,43.98806],[-122.8926,43.98706],[-122.89145,43.98648],[-122.88833,43.9837],[-122.88645,43.983],[-122.88148,43.98206],[-122.87647,43.97958],[-122.87572,43.97907],[-122.8752,43.97849],[-122.87199,43.9733],[-122.87068,43.97236],[-122.86857,43.97172],[-122.86754,43.97167],[-122.86497,43.97214],[-122.8623,43.97297],[-122.86127,43.9731],[-122.86001,43.973],[-122.85873,43.97274],[-122.85457,43.97122],[-122.85199,43.96988],[-122.85047,43.9686],[-122.84996,43.96802],[-122.84959,43.96728],[-122.84944,43.96654],[-122.84955,43.96207],[-122.84918,43.96112],[-122.84819,43.96005],[-122.84749,43.95958],[-122.84395,43.95793],[-122.84258,43.95695]]}},{"type":"Feature","properties":{"valuation":"10","line":"","operator":"Oregon & California Railroad Company","operator_as_printed":"O.&C. R.R.","nara_bundle":"1067","nara_vs":"010","from_terminus":"Mohawk Jct.","to_terminus":"Wendling","successor":"leased to/operated by Southern Pacific Company","extent_confidence":"high","uncertainty_notes":"","manual_addition":false,"source_map":"1561305_001_014_Southern_Pacific_1916.jpg","ref_1964_sp_index":"SP Co. 27 Mohawk Jct to Wendling (formerly O&C 10)","geometry_unmatched":false,"id":14,"nara_rrname":"Southern Pacific Company","nara_otherrr":"Oregon and California","nara_state":"OR","section_tag":"O&C-10","filed_under":"Southern Pacific Company"},"geometry":{"type":"LineString","coordinates":[[-122.97574,44.05389],[-122.9823,44.05437],[-122.9833,44.05487],[-122.98448,44.0551],[-122.98494,44.05541],[-122.98519,44.05642],[-122.98518,44.06116],[-122.98513,44.06244],[-122.98486,44.0631],[-122.98381,44.06407],[-122.98249,44.06456],[-122.97736,44.06466],[-122.97565,44.06497],[-122.97356,44.06609],[-122.97175,44.06677],[-122.97084,44.06749],[-122.96936,44.06924],[-122.96692,44.07088],[-122.96372,44.07209],[-122.96256,44.07263],[-122.96221,44.073],[-122.96165,44.07392],[-122.95783,44.0931],[-122.95731,44.09406],[-122.95675,44.09474],[-122.95341,44.0964],[-122.9522,44.09723],[-122.9474,44.1026],[-122.94609,44.10335],[-122.94384,44.10426],[-122.94323,44.10468],[-122.94296,44.1052],[-122.9425,44.10705],[-122.94269,44.11046],[-122.94197,44.1117],[-122.91437,44.14418],[-122.90238,44.15629],[-122.89963,44.15875],[-122.89787,44.15952],[-122.87066,44.16801],[-122.86837,44.16892],[-122.86064,44.17416],[-122.85893,44.17626],[-122.85189,44.18397],[-122.85046,44.18527],[-122.84973,44.18562],[-122.84869,44.1856],[-122.84557,44.18477],[-122.84423,44.1847],[-122.83477,44.1871],[-122.83361,44.18721],[-122.82861,44.18664],[-122.82693,44.18667],[-122.82582,44.18682],[-122.82303,44.18773],[-122.82172,44.18791],[-122.81138,44.18756],[-122.80807,44.18773],[-122.80312,44.1888],[-122.79847,44.18945]]}},{"type":"Feature","properties":{"valuation":"11","line":"","operator":"Oregon & California Railroad Company","operator_as_printed":"O.&C. R.R.","nara_bundle":"1067","nara_vs":"011","from_terminus":"Broadmead","to_terminus":"Sheridan","successor":"leased to/operated by Southern Pacific Company","extent_confidence":"medium","uncertainty_notes":"Extent confidence medium in section table. 1916 leaders reach Broadmead; Sheridan end from 1964 index.","manual_addition":false,"source_map":"1561305_001_014_Southern_Pacific_1916.jpg","ref_1964_sp_index":"SP Co. 28 Broadmead to Sheridan (formerly O&C 11)","geometry_unmatched":false,"id":15,"nara_rrname":"Southern Pacific Company","nara_otherrr":"Oregon and California","nara_state":"OR","section_tag":"O&C-11","filed_under":"Southern Pacific Company"},"geometry":{"type":"LineString","coordinates":[[-123.25939,45.05476],[-123.25951,45.05847],[-123.2598,45.05948],[-123.26027,45.06031],[-123.26996,45.0705],[-123.27078,45.07097],[-123.27169,45.07109],[-123.27161,45.07118],[-123.28164,45.06865],[-123.29492,45.06675],[-123.29976,45.06667],[-123.31645,45.06688],[-123.31817,45.06709],[-123.34242,45.07332],[-123.34901,45.07526],[-123.36968,45.07948],[-123.37174,45.08087],[-123.37253,45.08196],[-123.37439,45.08301],[-123.37692,45.08533],[-123.37721,45.08589],[-123.37838,45.09032],[-123.37902,45.09109],[-123.39376,45.09624],[-123.3954,45.09653]]}},{"type":"Feature","properties":{"valuation":"1","line":"","operator":"Southern Pacific Company","operator_as_printed":"S.P. Co.","nara_bundle":"","nara_vs":"","from_terminus":"Transfer","to_terminus":"Corvallis","successor":"","extent_confidence":"high","uncertainty_notes":"","manual_addition":false,"source_map":"1561305_001_014_Southern_Pacific_1916.jpg","ref_1964_sp_index":"SP Co. 1 (former) Transfer to Corvallis","geometry_unmatched":false,"id":16,"nara_rrname":"","nara_otherrr":"","nara_state":"","section_tag":"SP-1","filed_under":"No bundle found"},"geometry":{"type":"LineString","coordinates":[[-123.1545,44.06047],[-123.1546,44.06065],[-123.16667,44.06069],[-123.18626,44.05875],[-123.18643,44.0583],[-123.20503,44.06673],[-123.20606,44.06743],[-123.20747,44.07006],[-123.20961,44.07273],[-123.21131,44.07343],[-123.21847,44.08071],[-123.23665,44.09859],[-123.24248,44.10685],[-123.26248,44.1251],[-123.26362,44.12635],[-123.26426,44.12774],[-123.26476,44.12957],[-123.26454,44.14418],[-123.2648,44.17217],[-123.26506,44.17291],[-123.26639,44.17448],[-123.27724,44.18525],[-123.27905,44.18728],[-123.28398,44.19482],[-123.28832,44.20214],[-123.28892,44.20365],[-123.29055,44.22134],[-123.29115,44.25679],[-123.28965,44.26239],[-123.28967,44.26374],[-123.28997,44.26496],[-123.29244,44.27002],[-123.29295,44.27139],[-123.29293,44.27237],[-123.29186,44.27684],[-123.28872,44.28544],[-123.289,44.30162],[-123.28935,44.30295],[-123.29044,44.30461],[-123.29667,44.30816],[-123.2977,44.30938],[-123.29954,44.32293],[-123.29971,44.32578],[-123.26913,44.55471],[-123.26872,44.55626],[-123.26404,44.56527]]}},{"type":"Feature","properties":{"valuation":"2","line":"","operator":"Southern Pacific Company","operator_as_printed":"S.P. Co.","nara_bundle":"1054","nara_vs":"002","from_terminus":"Eugene","to_terminus":"Myrtle Point","successor":"","extent_confidence":"high","uncertainty_notes":"Line printed SOU. PAC. CO. / SOUTHERN PACIFIC.","manual_addition":false,"source_map":"1561305_001_014_Southern_Pacific_1916.jpg","ref_1964_sp_index":"SP Co. 2 Eugene to Myrtle Point","geometry_unmatched":false,"id":17,"nara_rrname":"Southern Pacific Company","nara_otherrr":"","nara_state":"OR","section_tag":"SP-2","filed_under":"Southern Pacific Company"},"geometry":{"type":"LineString","coordinates":[[-123.09323,44.05493],[-123.09284,44.05502],[-123.09263,44.0554],[-123.10501,44.057],[-123.10775,44.05766],[-123.1133,44.05944],[-123.11598,44.05996],[-123.11813,44.06019],[-123.15239,44.0606],[-123.1545,44.06047],[-123.1546,44.06065],[-123.16567,44.06073],[-123.25051,44.05239],[-123.35286,44.05246],[-123.38685,44.05047],[-123.4222,44.04707],[-123.42361,44.0471],[-123.42581,44.04772],[-123.43969,44.05531],[-123.44144,44.05613],[-123.44317,44.05664],[-123.44511,44.05695],[-123.4498,44.0571],[-123.45153,44.0564],[-123.45719,44.05292],[-123.46229,44.05063],[-123.46293,44.05019],[-123.46343,44.04936],[-123.46502,44.04262],[-123.46469,44.04171],[-123.46334,44.0405],[-123.46291,44.0399],[-123.46247,44.03874],[-123.46269,44.03651],[-123.46384,44.03392],[-123.4638,44.03322],[-123.46342,44.03253],[-123.46056,44.02914],[-123.45952,44.02836],[-123.45862,44.02809],[-123.45411,44.02744],[-123.45047,44.02711],[-123.44934,44.02682],[-123.44859,44.02615],[-123.44839,44.02517],[-123.4489,44.02452],[-123.44969,44.02412],[-123.45059,44.02395],[-123.45522,44.02456],[-123.45812,44.02436],[-123.4599,44.02448],[-123.46093,44.02476],[-123.46266,44.02569],[-123.46395,44.02713],[-123.46457,44.02758],[-123.46561,44.02784],[-123.46704,44.02788],[-123.47244,44.02678],[-123.47413,44.02622],[-123.47524,44.02563],[-123.47807,44.02298],[-123.48026,44.02199],[-123.48554,44.02069],[-123.48698,44.02069],[-123.49071,44.02111],[-123.49226,44.02141],[-123.49358,44.02186],[-123.50273,44.02629],[-123.50445,44.02679],[-123.50839,44.02754],[-123.51092,44.02847],[-123.51281,44.02862],[-123.51671,44.02785],[-123.52281,44.0276],[-123.52363,44.02769],[-123.53355,44.0302],[-123.53861,44.03194],[-123.53983,44.03277],[-123.54276,44.03554],[-123.54408,44.0362],[-123.5454,44.03638],[-123.54697,44.03615],[-123.55641,44.03305],[-123.55894,44.03239],[-123.56188,44.03194],[-123.57447,44.03079],[-123.58048,44.02949],[-123.58395,44.02936],[-123.59248,44.03018],[-123.5964,44.03005],[-123.60257,44.02954],[-123.60408,44.02916],[-123.60565,44.02842],[-123.60693,44.02742],[-123.60775,44.02633],[-123.60823,44.02461],[-123.60778,44.02178],[-123.60785,44.02112],[-123.60837,44.02013],[-123.6095,44.01878],[-123.60989,44.01784],[-123.60968,44.01673],[-123.60912,44.01599],[-123.60533,44.01293],[-123.60455,44.01207],[-123.60403,44.01062],[-123.60407,44.00991],[-123.6044,44.00894],[-123.60863,44.00391],[-123.60914,44.00305],[-123.61066,43.99916],[-123.61197,43.99748],[-123.61376,43.99614],[-123.61675,43.99451],[-123.61829,43.99399],[-123.61977,43.99385],[-123.62554,43.99495],[-123.62903,43.99519],[-123.63039,43.99553],[-123.63148,43.99634],[-123.63177,43.99698],[-123.63214,43.99887],[-123.63287,43.99986],[-123.63344,44.00018],[-123.63475,44.00045],[-123.63585,44.00031],[-123.6383,43.99955],[-123.63909,43.99953],[-123.63989,43.99979],[-123.64092,44.00051],[-123.64189,44.0026],[-123.64238,44.00325],[-123.64344,44.00396],[-123.64447,44.00427],[-123.64581,44.0043],[-123.64696,44.00407],[-123.65391,44.00219],[-123.65478,44.00218],[-123.65586,44.00245],[-123.65677,44.00303],[-123.66196,44.00844],[-123.66299,44.00894],[-123.66417,44.00913],[-123.66536,44.00904],[-123.66638,44.00872],[-123.66773,44.00775],[-123.66888,44.0042],[-123.67032,44.00164],[-123.67159,44.00021],[-123.67204,43.9999],[-123.67419,43.99912],[-123.67655,43.9991],[-123.6809,44.00006],[-123.687,44.00055],[-123.68949,44.00038],[-123.6924,43.99973],[-123.69402,43.99969],[-123.69555,44.00009],[-123.69805,44.00148],[-123.69894,44.0024],[-123.70032,44.00527],[-123.70237,44.00854],[-123.70541,44.01169],[-123.70762,44.01416],[-123.70786,44.01461],[-123.70792,44.0159],[-123.70662,44.01944],[-123.70586,44.02019],[-123.70488,44.02063],[-123.69941,44.02258],[-123.69783,44.02292],[-123.68835,44.02407],[-123.68044,44.02451],[-123.67888,44.02509],[-123.67809,44.02569],[-123.67761,44.02653],[-123.67689,44.03159],[-123.67637,44.03279],[-123.67459,44.03542],[-123.67439,44.03696],[-123.67456,44.03856],[-123.67512,44.03947],[-123.67641,44.04056],[-123.6773,44.04097],[-123.67941,44.04145],[-123.68121,44.04152],[-123.68655,44.0413],[-123.68786,44.04171],[-123.6888,44.04289],[-123.68904,44.04425],[-123.68879,44.04532],[-123.68764,44.04739],[-123.68759,44.04774],[-123.68792,44.04866],[-123.68886,44.04959],[-123.6905,44.05051],[-123.69511,44.05178],[-123.69631,44.05226],[-123.69731,44.05335],[-123.6977,44.05466],[-123.698,44.05514],[-123.69939,44.05589],[-123.70456,44.05618],[-123.71143,44.05505],[-123.72311,44.05415],[-123.72451,44.05387],[-123.72819,44.05264],[-123.73266,44.05147],[-123.73878,44.05072],[-123.74258,44.04988],[-123.7443,44.04934],[-123.74715,44.04796],[-123.74957,44.04713],[-123.75322,44.04632],[-123.75559,44.04622],[-123.7575,44.0465],[-123.76119,44.04764],[-123.76261,44.04889],[-123.76384,44.04955],[-123.76809,44.04996],[-123.76969,44.04972],[-123.77175,44.04873],[-123.77236,44.04859],[-123.77459,44.04871],[-123.77733,44.04828],[-123.78147,44.04802],[-123.78224,44.0482],[-123.78305,44.04867],[-123.78342,44.04899],[-123.78385,44.05005],[-123.7837,44.05053],[-123.78308,44.05134],[-123.78133,44.05262],[-123.7807,44.05336],[-123.78038,44.05403],[-123.78031,44.05463],[-123.78049,44.05592],[-123.78087,44.0566],[-123.78138,44.05704],[-123.7821,44.05736],[-123.78434,44.05762],[-123.78732,44.05756],[-123.79323,44.05596],[-123.79401,44.05589],[-123.7966,44.05641],[-123.79946,44.05623],[-123.81661,44.05739],[-123.81828,44.05783],[-123.82609,44.06051],[-123.82709,44.0614],[-123.82792,44.06311],[-123.83048,44.0647],[-123.83222,44.06522],[-123.83564,44.0654],[-123.83671,44.06557],[-123.83794,44.06599],[-123.83931,44.06682],[-123.84491,44.07158],[-123.84723,44.07289],[-123.84982,44.07362],[-123.852,44.07396],[-123.85815,44.07431],[-123.86037,44.07476],[-123.86587,44.07627],[-123.86896,44.07667],[-123.87071,44.07673],[-123.8719,44.07662],[-123.87375,44.07591],[-123.87499,44.07509],[-123.87601,44.07401],[-123.88001,44.06767],[-123.88239,44.06438],[-123.88789,44.05916],[-123.88908,44.05703],[-123.88934,44.05478],[-123.88882,44.05262],[-123.88819,44.05161],[-123.88666,44.04988],[-123.88319,44.04704],[-123.87691,44.04228],[-123.87411,44.04066],[-123.87297,44.04054],[-123.87041,44.04093],[-123.86978,44.0409],[-123.86851,44.0405],[-123.86311,44.03521],[-123.86079,44.03253],[-123.85924,44.03038],[-123.85836,44.02882],[-123.8578,44.02683],[-123.85777,44.02609],[-123.85808,44.02443],[-123.85919,44.02165],[-123.86118,44.01924],[-123.86217,44.01836],[-123.86286,44.01798],[-123.86376,44.01767],[-123.86469,44.01756],[-123.8666,44.01793],[-123.87008,44.01924],[-123.87782,44.02254],[-123.88018,44.02324],[-123.88186,44.02351],[-123.88429,44.02364],[-123.8888,44.02344],[-123.90304,44.02428],[-123.90424,44.02416],[-123.90608,44.02371],[-123.90858,44.02273],[-123.90925,44.0223],[-123.91303,44.01781],[-123.91471,44.01682],[-123.91701,44.01622],[-123.92089,44.01614],[-123.92474,44.01652],[-123.93616,44.01554],[-123.94077,44.01574],[-123.94157,44.01586],[-123.94763,44.01809],[-123.95163,44.01878],[-123.95894,44.01911],[-123.96151,44.01953],[-123.96763,44.02005],[-123.97116,44.01968],[-123.97974,44.01815],[-123.98473,44.01773],[-123.98615,44.01724],[-123.9895,44.01559],[-123.99691,44.01357],[-124.00081,44.01189],[-124.00184,44.01128],[-124.00384,44.00925],[-124.00514,44.00817],[-124.01257,44.00331],[-124.01546,44.00166],[-124.018,44.00043],[-124.021,43.99864],[-124.02429,43.99721],[-124.02882,43.99386],[-124.03291,43.99162],[-124.03849,43.98899],[-124.04324,43.98715],[-124.04445,43.98629],[-124.04483,43.98583],[-124.04522,43.98489],[-124.04546,43.97776],[-124.04554,43.97692],[-124.0461,43.97553],[-124.04732,43.97403],[-124.04877,43.97294],[-124.05636,43.96967],[-124.05759,43.96863],[-124.05768,43.96787],[-124.05652,43.96518],[-124.05633,43.96427],[-124.05651,43.96293],[-124.05746,43.96118],[-124.05784,43.95993],[-124.05777,43.95859],[-124.05672,43.95417],[-124.05692,43.95265],[-124.05836,43.9476],[-124.05841,43.94706],[-124.05801,43.94499],[-124.05655,43.94311],[-124.05533,43.94025],[-124.05173,43.93843],[-124.05137,43.93775],[-124.05105,43.93628],[-124.05042,43.9351],[-124.04755,43.93156],[-124.04606,43.93067],[-124.04122,43.92918],[-124.03595,43.92775],[-124.03227,43.92694],[-124.03037,43.92601],[-124.02978,43.9252],[-124.02969,43.92424],[-124.03017,43.92332],[-124.03357,43.92086],[-124.03395,43.91995],[-124.03453,43.91694],[-124.03504,43.91575],[-124.04206,43.90811],[-124.04369,43.90693],[-124.04529,43.90606],[-124.04683,43.9045],[-124.04822,43.90216],[-124.05054,43.8967],[-124.05121,43.89585],[-124.05189,43.8954],[-124.05293,43.89502],[-124.05396,43.89491],[-124.05667,43.89528],[-124.05974,43.89442],[-124.06267,43.89411],[-124.06344,43.89391],[-124.06444,43.89312],[-124.06466,43.89246],[-124.06431,43.89095],[-124.06503,43.88381],[-124.06521,43.88247],[-124.06584,43.88132],[-124.06966,43.87806],[-124.07051,43.87647],[-124.07081,43.87622],[-124.07542,43.87409],[-124.07599,43.87361],[-124.07954,43.86933],[-124.08058,43.86871],[-124.08218,43.86807],[-124.08292,43.86749],[-124.08326,43.86698],[-124.08328,43.8665],[-124.08315,43.86584],[-124.08267,43.86492],[-124.08241,43.86362],[-124.08224,43.85874],[-124.08271,43.85666],[-124.08455,43.85335],[-124.08526,43.85226],[-124.0863,43.85115],[-124.08893,43.84889],[-124.08987,43.84788],[-124.09015,43.84737],[-124.09075,43.84527],[-124.09415,43.83988],[-124.095,43.83912],[-124.09787,43.83763],[-124.10343,43.83302],[-124.10447,43.83199],[-124.10494,43.83083],[-124.10505,43.82924],[-124.1053,43.82822],[-124.10593,43.82711],[-124.10712,43.82585],[-124.11318,43.82046],[-124.11367,43.81965],[-124.11421,43.81767],[-124.11456,43.81692],[-124.1159,43.81547],[-124.11681,43.8141],[-124.11909,43.81003],[-124.12083,43.80827],[-124.12198,43.80682],[-124.12683,43.79931],[-124.12738,43.79767],[-124.12747,43.79637],[-124.12735,43.79513],[-124.126,43.78993],[-124.12578,43.78838],[-124.1259,43.78376],[-124.12698,43.78137],[-124.12697,43.78056],[-124.1255,43.77805],[-124.12232,43.77095],[-124.12077,43.76901],[-124.11837,43.7647],[-124.11728,43.76234],[-124.11612,43.76109],[-124.11542,43.76064],[-124.11176,43.75924],[-124.10935,43.75742],[-124.10841,43.75691],[-124.10537,43.75593],[-124.10407,43.75526],[-124.1001,43.7522],[-124.09897,43.75154],[-124.09718,43.75091],[-124.09434,43.75036],[-124.09324,43.74982],[-124.08934,43.74704],[-124.08776,43.74532],[-124.08559,43.74397],[-124.08491,43.74306],[-124.08422,43.74153],[-124.08282,43.7399],[-124.08213,43.7388],[-124.08205,43.73794],[-124.08217,43.73738],[-124.08266,43.73666],[-124.08442,43.73499],[-124.08589,43.73324],[-124.08663,43.73182],[-124.08706,43.73027],[-124.08659,43.72846],[-124.08491,43.72509],[-124.08366,43.72372],[-124.08259,43.72177],[-124.0824,43.72078],[-124.08274,43.71986],[-124.08322,43.71915],[-124.08458,43.71778],[-124.10205,43.70157],[-124.10273,43.70061],[-124.1029,43.70004],[-124.10284,43.69892],[-124.10258,43.69824],[-124.10213,43.6977],[-124.10132,43.69713],[-124.09626,43.69455],[-124.09509,43.69415],[-124.08621,43.69205],[-124.08405,43.69127],[-124.0784,43.68811],[-124.07698,43.6869],[-124.07651,43.68619],[-124.07627,43.68526],[-124.0765,43.68372],[-124.07834,43.68095],[-124.07931,43.68003],[-124.08017,43.67954],[-124.08158,43.67905],[-124.08937,43.67709],[-124.091,43.67629],[-124.09138,43.67586],[-124.09168,43.67473],[-124.08972,43.66608],[-124.08946,43.66482],[-124.08946,43.664],[-124.08989,43.6626],[-124.09059,43.66177],[-124.09663,43.65782],[-124.09739,43.65715],[-124.09761,43.65672],[-124.09767,43.65577],[-124.09635,43.65328],[-124.09582,43.65166],[-124.09584,43.65059],[-124.09605,43.64965],[-124.09652,43.64878],[-124.09801,43.64785],[-124.10135,43.64708],[-124.1137,43.63993],[-124.11621,43.63862],[-124.11898,43.63664],[-124.12158,43.63445],[-124.12846,43.63169],[-124.12967,43.63107],[-124.1306,43.63008],[-124.13532,43.62247],[-124.13754,43.6192],[-124.1397,43.61701],[-124.14382,43.61399],[-124.14585,43.61213],[-124.14645,43.61132],[-124.14677,43.61038],[-124.14671,43.60959],[-124.14598,43.60747],[-124.14594,43.60646],[-124.14614,43.60587],[-124.14769,43.60317],[-124.14907,43.59725],[-124.14934,43.5967],[-124.15149,43.59417],[-124.15697,43.58936],[-124.15769,43.58856],[-124.15821,43.58737],[-124.15923,43.58383],[-124.16,43.58216],[-124.16145,43.58107],[-124.16231,43.58069],[-124.18299,43.57569],[-124.18564,43.57546],[-124.19152,43.57633],[-124.1928,43.57635],[-124.19372,43.57616],[-124.19486,43.5756],[-124.19534,43.57515],[-124.19954,43.57052],[-124.2043,43.5671],[-124.20613,43.56515],[-124.20666,43.56388],[-124.20697,43.56049],[-124.2073,43.5593],[-124.21996,43.52517],[-124.22093,43.52359],[-124.2253,43.51887],[-124.22589,43.51768],[-124.22622,43.51288],[-124.22622,43.50989],[-124.22659,43.5069],[-124.22655,43.50529],[-124.22618,43.50323],[-124.22467,43.49932],[-124.22429,43.49791],[-124.22359,43.48966],[-124.22377,43.48745],[-124.23009,43.46405],[-124.2311,43.45778],[-124.23269,43.45351],[-124.23389,43.44789],[-124.23751,43.43772],[-124.23789,43.43558],[-124.23781,43.43451],[-124.23583,43.42619],[-124.2351,43.42338],[-124.23459,43.42236],[-124.23335,43.42106],[-124.2321,43.42028],[-124.22775,43.41841],[-124.22616,43.41751],[-124.2237,43.41564],[-124.22286,43.41454],[-124.22269,43.41395],[-124.22212,43.40794],[-124.22185,43.40259],[-124.21928,43.39457],[-124.22054,43.38815],[-124.22117,43.38601],[-124.22117,43.3852],[-124.21965,43.38197],[-124.21705,43.3786],[-124.21234,43.37495],[-124.21156,43.37402],[-124.21146,43.37351],[-124.21159,43.37087],[-124.21244,43.36703],[-124.21248,43.36416],[-124.2123,43.36337],[-124.21189,43.36261],[-124.2112,43.36186],[-124.20239,43.35689],[-124.20166,43.35622],[-124.19959,43.35356],[-124.19755,43.34849],[-124.1974,43.34403],[-124.19822,43.34223],[-124.19846,43.34057],[-124.19837,43.33998],[-124.19769,43.33875],[-124.1976,43.33811],[-124.20155,43.32831],[-124.20255,43.32727],[-124.20532,43.326],[-124.20601,43.32507],[-124.20608,43.3246],[-124.20575,43.32341],[-124.20568,43.32248],[-124.20693,43.31525],[-124.20815,43.31186],[-124.21074,43.30749],[-124.2115,43.30559],[-124.21154,43.30497],[-124.21113,43.30234],[-124.21224,43.29898],[-124.21595,43.29571],[-124.21663,43.29416],[-124.21794,43.29291],[-124.21906,43.29065],[-124.2206,43.28829],[-124.2217,43.2879],[-124.22518,43.28837],[-124.22683,43.28797],[-124.22763,43.28725],[-124.22998,43.28391],[-124.23117,43.28298],[-124.23152,43.28232],[-124.23142,43.28171],[-124.23075,43.28044],[-124.22883,43.27801],[-124.22766,43.27503],[-124.22743,43.27176],[-124.22933,43.26565],[-124.2273,43.26082],[-124.22679,43.26031],[-124.2235,43.25894],[-124.2201,43.25833],[-124.21674,43.25738],[-124.21617,43.25679],[-124.21606,43.25641],[-124.21626,43.25566],[-124.21701,43.25477],[-124.21803,43.253],[-124.21995,43.25163],[-124.22142,43.25009],[-124.22248,43.24923],[-124.22396,43.24662],[-124.22445,43.24608],[-124.22838,43.2443],[-124.23379,43.24],[-124.23414,43.23928],[-124.23409,43.2376],[-124.23311,43.23495],[-124.23306,43.23441],[-124.2333,43.23369],[-124.23739,43.22558],[-124.23795,43.22491],[-124.23883,43.22435],[-124.23978,43.22402],[-124.24229,43.22364],[-124.24463,43.22249],[-124.24727,43.22158],[-124.24948,43.2185],[-124.24987,43.21562],[-124.24958,43.21511],[-124.24897,43.21467],[-124.24563,43.21385],[-124.24483,43.2135],[-124.24383,43.21277],[-124.24278,43.21151],[-124.24232,43.21049],[-124.24268,43.20599],[-124.24251,43.20531],[-124.24224,43.20494],[-124.23878,43.20286],[-124.23496,43.19821],[-124.23337,43.19723],[-124.23237,43.19622],[-124.23125,43.19544],[-124.22474,43.19157],[-124.22302,43.19003],[-124.22098,43.18732],[-124.22005,43.18516],[-124.21904,43.18355],[-124.21898,43.18279],[-124.21993,43.17958],[-124.21977,43.17911],[-124.21934,43.17866],[-124.21853,43.17828],[-124.21783,43.17823],[-124.21579,43.17872],[-124.21249,43.17889],[-124.21044,43.17924],[-124.20678,43.17901],[-124.20374,43.17958],[-124.20274,43.17942],[-124.202,43.17909],[-124.1991,43.1762],[-124.1969,43.17449],[-124.19644,43.17429],[-124.19466,43.17402],[-124.18992,43.17422],[-124.18849,43.1739],[-124.18631,43.17184],[-124.18404,43.16886],[-124.18359,43.1681],[-124.18407,43.16484],[-124.1836,43.16414],[-124.18229,43.16297],[-124.18209,43.15968],[-124.18188,43.15886],[-124.1813,43.15773],[-124.17977,43.15595],[-124.17958,43.15545],[-124.17734,43.14494],[-124.1774,43.14342],[-124.17766,43.14259],[-124.17807,43.14178],[-124.17979,43.1394],[-124.18016,43.13696],[-124.18056,43.12872],[-124.18027,43.12731],[-124.17877,43.12245],[-124.17843,43.12191],[-124.17749,43.12101],[-124.17278,43.1173],[-124.17153,43.11657],[-124.16974,43.11493],[-124.16878,43.11434],[-124.16836,43.1138],[-124.16805,43.11265],[-124.16757,43.11209],[-124.1648,43.1109],[-124.16302,43.10969],[-124.16239,43.10821],[-124.16132,43.10479],[-124.15969,43.10259],[-124.15851,43.10151],[-124.15164,43.0961],[-124.1452,43.09063],[-124.1445,43.08963],[-124.14202,43.08352],[-124.13983,43.08129],[-124.1385,43.07919],[-124.13832,43.07653],[-124.13901,43.07521],[-124.14626,43.06649]]}},{"type":"Feature","properties":{"valuation":"2a","line":"","operator":"Southern Pacific Company","operator_as_printed":"S.P. Co.","nara_bundle":"1054","nara_vs":"002A","from_terminus":"Beaver Hill Jct.","to_terminus":"Beaver Hill","successor":"","extent_confidence":"high","uncertainty_notes":"","manual_addition":false,"source_map":"1561305_001_014_Southern_Pacific_1916.jpg","ref_1964_sp_index":"SP Co. 2a (former) Beaver Hill Jct to (former) Beaver Hill","geometry_unmatched":true,"id":18,"nara_rrname":"Southern Pacific Company","nara_otherrr":"","nara_state":"OR","section_tag":"SP-2a","filed_under":"Southern Pacific Company"},"geometry":{"type":"LineString","coordinates":[[-124.21,43.255],[-124.285,43.247]]}},{"type":"Feature","properties":{"valuation":"2b","line":"","operator":"Southern Pacific Company","operator_as_printed":"S.P. Co.","nara_bundle":"","nara_vs":"","from_terminus":"Klondike Jct.","to_terminus":"Beaverton","successor":"","extent_confidence":"medium","uncertainty_notes":"Extent confidence medium in section table. MISMATCH: 1916 map shows S.P. Co. 2b to Beaverton (Coos County, not the Washington County Beaverton); 1964 index lists 2b as not used. Not in NARA finding aid list for SP Co. OR. Klondike Jct. and Beaverton (Coos Co.) locations approximate.","manual_addition":false,"source_map":"1561305_001_014_Southern_Pacific_1916.jpg","ref_1964_sp_index":"SP Co. 2b NOT USED","geometry_unmatched":false,"id":19,"nara_rrname":"","nara_otherrr":"","nara_state":"","section_tag":"SP-2b","filed_under":"No bundle found"},"geometry":{"type":"LineString","coordinates":[[-124.22477,43.24587],[-124.22838,43.2443],[-124.23379,43.24],[-124.23414,43.23928],[-124.23409,43.2376],[-124.23311,43.23495],[-124.23306,43.23441],[-124.2333,43.23369],[-124.23763,43.22522],[-124.23883,43.22435],[-124.23978,43.22402],[-124.2423,43.22364],[-124.24436,43.22259],[-124.24712,43.22166],[-124.24756,43.22131],[-124.24947,43.21862],[-124.24965,43.21814],[-124.24991,43.2156]]}},{"type":"Feature","properties":{"valuation":"3","line":"","operator":"Southern Pacific Company","operator_as_printed":"S.P. Co.","nara_bundle":"1055","nara_vs":"003","from_terminus":"Albany","to_terminus":"Hoover","successor":"","extent_confidence":"high","uncertainty_notes":"Line printed SOU. PAC. CO. (R.R.).","manual_addition":false,"source_map":"1561305_001_014_Southern_Pacific_1916.jpg","ref_1964_sp_index":"SP Co. 3 Albany to (former) Hoover","geometry_unmatched":true,"id":20,"nara_rrname":"Southern Pacific Company","nara_otherrr":"","nara_state":"OR","section_tag":"SP-3","filed_under":"Southern Pacific Company"},"geometry":{"type":"LineString","coordinates":[[-123.10659,44.6381],[-123.10268,44.63848],[-123.10002,44.63905],[-123.10081,44.63856],[-123.10108,44.63788],[-123.10009,44.63324],[-123.10011,44.6323],[-123.10062,44.63161],[-123.1023,44.63044],[-123.10405,44.62896],[-123.10582,44.62696],[-123.10729,44.62447],[-123.10802,44.62222],[-123.10833,44.61958],[-123.10827,44.61387],[-123.10751,44.6123],[-123.10662,44.61138],[-123.1057,44.61074],[-123.10423,44.61007],[-123.09496,44.60663],[-122.97089,44.56608],[-122.96937,44.5686],[-122.96748,44.57015],[-122.90996,44.61379],[-122.90833,44.61443],[-122.90644,44.61483],[-122.90047,44.61392],[-122.89687,44.61443],[-122.89421,44.61529],[-122.89279,44.6166],[-122.89206,44.61783],[-122.90546,44.65386],[-122.90604,44.65578],[-122.90611,44.6568],[-122.90508,44.68358],[-122.90461,44.68508],[-122.90092,44.69204],[-122.8998,44.69316],[-122.89173,44.69983],[-122.88017,44.715],[-122.87909,44.71687],[-122.8706,44.73543],[-122.87019,44.73589],[-122.85478,44.74678],[-122.85024,44.74975],[-122.80798,44.77166],[-122.80263,44.7739],[-122.78364,44.78021],[-122.78208,44.78108],[-122.77997,44.78192],[-122.77849,44.78295],[-122.77737,44.78338],[-122.7755,44.78389],[-122.76532,44.78415],[-122.76405,44.78433],[-122.76319,44.78479],[-122.76276,44.7853],[-122.76186,44.78703],[-122.76137,44.78755],[-122.76001,44.78826],[-122.75882,44.78847],[-122.75639,44.78813],[-122.75341,44.78672],[-122.75227,44.7866],[-122.74634,44.78661],[-122.74338,44.78706],[-122.73796,44.78653],[-122.73474,44.7867],[-122.73343,44.78661],[-122.73033,44.78719],[-122.72824,44.78706],[-122.72342,44.78501],[-122.72015,44.78452],[-122.71697,44.78239],[-122.71589,44.78083],[-122.71338,44.77899],[-122.7106,44.77825],[-122.70883,44.77815],[-122.70627,44.77763],[-122.70447,44.77677],[-122.70179,44.77589],[-122.70071,44.77521],[-122.69996,44.77494],[-122.69572,44.77481],[-122.69283,44.77367],[-122.69043,44.77324],[-122.68757,44.77242],[-122.67934,44.77298],[-122.677,44.7733],[-122.66997,44.775],[-122.65828,44.7768],[-122.64871,44.77973],[-122.64697,44.77989],[-122.64532,44.77976],[-122.55925,44.76114],[-122.52811,44.75669],[-122.52692,44.75635],[-122.52568,44.75572],[-122.52155,44.75215],[-122.52084,44.75167],[-122.51902,44.75087],[-122.51745,44.75053],[-122.5087,44.74972],[-122.49833,44.74743],[-122.49731,44.7474],[-122.49626,44.74763],[-122.48038,44.75466],[-122.47727,44.7554],[-122.47573,44.75527],[-122.4725,44.75408],[-122.47105,44.75386],[-122.46785,44.7547],[-122.46169,44.75585],[-122.45632,44.75601],[-122.45245,44.75573],[-122.4439,44.7557],[-122.43829,44.75669],[-122.43561,44.75685],[-122.41299,44.7554],[-122.40716,44.75578],[-122.40246,44.75552],[-122.4008,44.75527],[-122.39978,44.75495],[-122.39802,44.75407],[-122.39709,44.75394],[-122.39634,44.75409],[-122.39219,44.75562],[-122.39124,44.75569],[-122.39009,44.7556],[-122.38133,44.75332],[-122.37981,44.75313],[-122.37831,44.75343],[-122.37511,44.75498],[-122.37181,44.75606],[-122.37004,44.75699],[-122.36809,44.75747],[-122.36145,44.75792],[-122.35805,44.75867],[-122.3558,44.7589],[-122.34786,44.75888],[-122.34222,44.75788],[-122.34067,44.75741],[-122.33437,44.75699],[-122.33117,44.75694],[-122.32898,44.75738],[-122.32686,44.75876],[-122.32437,44.7595],[-122.31926,44.75965],[-122.31737,44.7594],[-122.31111,44.75707],[-122.30675,44.75587],[-122.30441,44.75561],[-122.30231,44.75561],[-122.29714,44.75439],[-122.29173,44.75406],[-122.28776,44.75319],[-122.28312,44.75145],[-122.2774,44.74648],[-122.27549,44.74424],[-122.27439,44.74249],[-122.27373,44.74104],[-122.27364,44.73946],[-122.27379,44.73877],[-122.27315,44.73616],[-122.27197,44.73447],[-122.27042,44.73356],[-122.26476,44.7324],[-122.26375,44.73185],[-122.26223,44.73017],[-122.2615,44.72961],[-122.25991,44.72918],[-122.25894,44.72871],[-122.2554,44.72604],[-122.25439,44.72344],[-122.25338,44.72292],[-122.24881,44.72167],[-122.24493,44.71851],[-122.24332,44.71531],[-122.24023,44.7122],[-122.23783,44.70878],[-122.2374,44.70695],[-122.23439,44.70293],[-122.22731,44.6978],[-122.22126,44.69585],[-122.21564,44.696],[-122.21139,44.6971],[-122.20693,44.69768],[-122.20362,44.69978],[-122.19298,44.70384],[-122.17702,44.71159],[-122.16605,44.71618],[-122.16385,44.71761],[-122.16225,44.71929],[-122.16066,44.72059],[-122.15623,44.72316],[-122.15486,44.72417],[-122.15378,44.72543],[-122.15198,44.72661],[-122.14936,44.72767],[-122.14742,44.72796],[-122.14559,44.72796],[-122.14338,44.72754],[-122.14009,44.72645],[-122.13574,44.72442],[-122.1336,44.723],[-122.13081,44.71998],[-122.12992,44.71939],[-122.12759,44.71847],[-122.12362,44.71735],[-122.12233,44.71646],[-122.11966,44.71391],[-122.11818,44.71294],[-122.11696,44.71239],[-122.10889,44.70974],[-122.10659,44.70922],[-122.10277,44.70808],[-122.09984,44.70752],[-122.09313,44.70496],[-122.0857,44.70352],[-122.08485,44.70306],[-122.08353,44.70163],[-122.0819,44.70055],[-122.08,44.703],[-122.04,44.705]]}},{"type":"Feature","properties":{"valuation":"4","line":"","operator":"Southern Pacific Company","operator_as_printed":"S.P. Co.","nara_bundle":"1055","nara_vs":"004","from_terminus":"Albany","to_terminus":"Yaquina","successor":"","extent_confidence":"medium","uncertainty_notes":"Extent confidence medium in section table. 1916 leaders reach Yaquina line and Corvallis; Albany end from 1964 index.","manual_addition":false,"source_map":"1561305_001_014_Southern_Pacific_1916.jpg","ref_1964_sp_index":"SP Co. 4 Albany to Yaquina","geometry_unmatched":false,"id":21,"nara_rrname":"Southern Pacific Company","nara_otherrr":"","nara_state":"OR","section_tag":"SP-4","filed_under":"Southern Pacific Company"},"geometry":{"type":"LineString","coordinates":[[-123.10659,44.6381],[-123.10268,44.63848],[-123.09663,44.63982],[-123.09647,44.64011],[-123.09657,44.64049],[-123.09792,44.6442],[-123.09854,44.64518],[-123.09946,44.64616],[-123.10121,44.6473],[-123.10325,44.64806],[-123.10566,44.64843],[-123.10787,44.64837],[-123.12575,44.64484],[-123.14223,44.643],[-123.14989,44.64067],[-123.15318,44.64004],[-123.15477,44.63988],[-123.16231,44.63971],[-123.169,44.64021],[-123.17152,44.64007],[-123.17305,44.63972],[-123.18411,44.63587],[-123.18807,44.63429],[-123.19109,44.6328],[-123.2083,44.62355],[-123.2112,44.6219],[-123.21272,44.62081],[-123.23651,44.59841],[-123.25786,44.57768],[-123.26081,44.57152],[-123.26602,44.56145],[-123.26674,44.56085],[-123.26731,44.56071],[-123.26808,44.56076],[-123.2704,44.56169],[-123.27103,44.56178],[-123.29128,44.56201],[-123.29629,44.56238],[-123.29866,44.56272],[-123.30277,44.56202],[-123.30646,44.56226],[-123.32152,44.56218],[-123.32403,44.56194],[-123.32556,44.56157],[-123.33143,44.55957],[-123.33527,44.55653],[-123.33845,44.55445],[-123.36316,44.5431],[-123.3659,44.54243],[-123.37876,44.54081],[-123.38223,44.54096],[-123.38882,44.54213],[-123.39098,44.54291],[-123.3932,44.54318],[-123.39527,44.54404],[-123.39616,44.54484],[-123.39666,44.54576],[-123.39676,44.54742],[-123.39613,44.54875],[-123.39498,44.54966],[-123.39325,44.55042],[-123.39287,44.55073],[-123.39248,44.5514],[-123.39243,44.55252],[-123.39279,44.55365],[-123.39464,44.55667],[-123.39468,44.55722],[-123.39438,44.55777],[-123.39346,44.55841],[-123.3905,44.55913],[-123.38841,44.56011],[-123.38782,44.5606],[-123.38744,44.56129],[-123.38752,44.56237],[-123.38804,44.56354],[-123.39058,44.56589],[-123.39179,44.56764],[-123.39296,44.5683],[-123.39427,44.56866],[-123.39598,44.56887],[-123.39792,44.56855],[-123.39879,44.56863],[-123.39989,44.56923],[-123.40023,44.56982],[-123.39999,44.57135],[-123.39909,44.57378],[-123.39818,44.57513],[-123.39659,44.57583],[-123.39387,44.57811],[-123.39131,44.57917],[-123.39044,44.5797],[-123.38974,44.58048],[-123.38894,44.58232],[-123.38885,44.58321],[-123.38964,44.58737],[-123.39012,44.58795],[-123.391,44.58835],[-123.39977,44.58957],[-123.40164,44.58941],[-123.40947,44.59021],[-123.41799,44.58958],[-123.41942,44.58976],[-123.4218,44.59049],[-123.42294,44.59042],[-123.42454,44.58956],[-123.42888,44.58584],[-123.4291,44.58532],[-123.42906,44.58487],[-123.4289,44.58445],[-123.42812,44.58348],[-123.42805,44.58312],[-123.42871,44.58139],[-123.42989,44.57983],[-123.43061,44.57932],[-123.43129,44.5791],[-123.43849,44.57806],[-123.44014,44.57829],[-123.44163,44.57883],[-123.44236,44.57944],[-123.44317,44.58106],[-123.44373,44.58174],[-123.44481,44.58221],[-123.44647,44.58234],[-123.44806,44.58208],[-123.45076,44.58111],[-123.45154,44.58054],[-123.45385,44.5783],[-123.45496,44.57765],[-123.45632,44.57733],[-123.45752,44.5774],[-123.45884,44.57784],[-123.46306,44.58065],[-123.46545,44.58193],[-123.46946,44.58343],[-123.47103,44.5835],[-123.47615,44.58118],[-123.47931,44.58002],[-123.48004,44.57956],[-123.48158,44.57754],[-123.48166,44.57685],[-123.48092,44.57576],[-123.48076,44.57519],[-123.48087,44.57469],[-123.48116,44.57428],[-123.4819,44.5738],[-123.48612,44.57267],[-123.49257,44.57031],[-123.49394,44.57001],[-123.495,44.57013],[-123.49677,44.57087],[-123.49749,44.57102],[-123.50141,44.57049],[-123.50287,44.57087],[-123.50561,44.57374],[-123.50658,44.57589],[-123.50639,44.57767],[-123.50856,44.57949],[-123.50908,44.58033],[-123.50924,44.58149],[-123.50861,44.58315],[-123.50889,44.58415],[-123.51053,44.58616],[-123.51254,44.58724],[-123.51401,44.58909],[-123.51477,44.59131],[-123.51494,44.59233],[-123.51491,44.59393],[-123.51532,44.59481],[-123.51631,44.5953],[-123.52288,44.59748],[-123.52645,44.59768],[-123.52726,44.59808],[-123.52793,44.59895],[-123.52847,44.60015],[-123.52851,44.60186],[-123.52789,44.60287],[-123.52652,44.60397],[-123.52566,44.60598],[-123.52573,44.60673],[-123.5264,44.60759],[-123.53113,44.60966],[-123.53208,44.60963],[-123.53405,44.60894],[-123.53588,44.6091],[-123.53834,44.60881],[-123.54149,44.61045],[-123.54185,44.6108],[-123.54228,44.61167],[-123.54212,44.61261],[-123.54113,44.61395],[-123.54161,44.61731],[-123.542,44.61829],[-123.54745,44.62227],[-123.55111,44.62379],[-123.5519,44.62387],[-123.55378,44.62362],[-123.55632,44.62387],[-123.55951,44.623],[-123.56283,44.6227],[-123.57162,44.62262],[-123.57277,44.62305],[-123.57554,44.6249],[-123.57633,44.62911],[-123.577,44.62996],[-123.57852,44.63313],[-123.57855,44.63452],[-123.57919,44.63686],[-123.57916,44.6386],[-123.57991,44.64069],[-123.57987,44.64147],[-123.57826,44.64391],[-123.57815,44.64441],[-123.57832,44.64501],[-123.5789,44.64559],[-123.57972,44.64591],[-123.58149,44.64595],[-123.58223,44.6462],[-123.58762,44.64981],[-123.58796,44.65014],[-123.58827,44.65098],[-123.58831,44.65151],[-123.58804,44.65191],[-123.58558,44.65328],[-123.58532,44.65358],[-123.58523,44.65418],[-123.58525,44.65634],[-123.58571,44.65817],[-123.58631,44.65921],[-123.58648,44.65988],[-123.58638,44.66059],[-123.58562,44.66189],[-123.58546,44.66254],[-123.58565,44.66294],[-123.58612,44.6633],[-123.58732,44.66369],[-123.58805,44.66368],[-123.58892,44.66335],[-123.59093,44.66136],[-123.59144,44.65977],[-123.59273,44.65845],[-123.59294,44.65729],[-123.5946,44.65363],[-123.59556,44.65072],[-123.59679,44.64901],[-123.59746,44.64855],[-123.59864,44.6486],[-123.60011,44.64965],[-123.60242,44.65018],[-123.60298,44.65044],[-123.60347,44.65095],[-123.60419,44.65251],[-123.60525,44.65381],[-123.60529,44.65485],[-123.60318,44.65681],[-123.60183,44.65931],[-123.60207,44.65999],[-123.60257,44.66052],[-123.60321,44.66088],[-123.60399,44.661],[-123.60508,44.6607],[-123.60571,44.66018],[-123.60617,44.65936],[-123.60613,44.65801],[-123.60634,44.6574],[-123.60909,44.65437],[-123.61043,44.65358],[-123.61545,44.65249],[-123.61709,44.65202],[-123.61928,44.65113],[-123.62293,44.65139],[-123.62469,44.65116],[-123.63043,44.64912],[-123.63344,44.64858],[-123.6356,44.64789],[-123.64181,44.6476],[-123.64388,44.64786],[-123.64753,44.64883],[-123.65004,44.6487],[-123.65111,44.64884],[-123.65179,44.64918],[-123.65318,44.65062],[-123.65464,44.65113],[-123.65566,44.65114],[-123.66143,44.65021],[-123.6679,44.65063],[-123.66887,44.65116],[-123.67011,44.65232],[-123.67128,44.65278],[-123.67429,44.65288],[-123.67895,44.65429],[-123.68745,44.65518],[-123.68829,44.65581],[-123.68969,44.65758],[-123.69089,44.65862],[-123.69542,44.66192],[-123.69776,44.66279],[-123.70182,44.66338],[-123.70348,44.66386],[-123.70447,44.66439],[-123.70551,44.66525],[-123.70684,44.66707],[-123.70948,44.6687],[-123.71048,44.66912],[-123.71141,44.6692],[-123.71273,44.66895],[-123.71361,44.66841],[-123.71439,44.66751],[-123.71542,44.6668],[-123.71779,44.66597],[-123.72104,44.66529],[-123.72318,44.66564],[-123.72897,44.66574],[-123.73044,44.66599],[-123.73684,44.66821],[-123.74014,44.66897],[-123.74324,44.66908],[-123.74565,44.66884],[-123.74853,44.66758],[-123.74884,44.6673],[-123.74915,44.66656],[-123.74962,44.6634],[-123.7495,44.66297],[-123.74852,44.66164],[-123.74761,44.65966],[-123.74745,44.65875],[-123.74776,44.658],[-123.74859,44.65749],[-123.74998,44.65729],[-123.75088,44.65753],[-123.75246,44.65881],[-123.75343,44.65908],[-123.75429,44.65912],[-123.75554,44.65885],[-123.75633,44.65826],[-123.75648,44.65793],[-123.75655,44.65708],[-123.75567,44.6534],[-123.75559,44.65243],[-123.75598,44.65102],[-123.75698,44.64916],[-123.75702,44.64837],[-123.75616,44.64656],[-123.75609,44.64562],[-123.75706,44.64472],[-123.75976,44.64414],[-123.76214,44.64442],[-123.76757,44.64657],[-123.76928,44.64655],[-123.76998,44.64617],[-123.77041,44.64574],[-123.77055,44.64494],[-123.77007,44.64287],[-123.76903,44.63988],[-123.76902,44.6391],[-123.76928,44.63821],[-123.76997,44.63744],[-123.77278,44.63504],[-123.7742,44.6345],[-123.7755,44.63435],[-123.77805,44.63468],[-123.77876,44.63497],[-123.77981,44.6359],[-123.78198,44.64069],[-123.78599,44.64579],[-123.78669,44.64723],[-123.7879,44.65116],[-123.78844,44.65207],[-123.78953,44.65329],[-123.79075,44.65432],[-123.79353,44.65544],[-123.79396,44.65621],[-123.79406,44.65899],[-123.79485,44.66009],[-123.79624,44.66127],[-123.79978,44.66318],[-123.80318,44.66427],[-123.8069,44.66589],[-123.80933,44.66646],[-123.81153,44.66663],[-123.81618,44.66753],[-123.81702,44.66753],[-123.81759,44.66739],[-123.81861,44.6668],[-123.81919,44.66616],[-123.81929,44.66536],[-123.81886,44.66465],[-123.81828,44.66429],[-123.81291,44.66243],[-123.81157,44.6618],[-123.80861,44.6601],[-123.80721,44.65947],[-123.80662,44.65897],[-123.80637,44.65849],[-123.80655,44.65753],[-123.80827,44.65601],[-123.81066,44.65286],[-123.81153,44.6523],[-123.81303,44.6521],[-123.81427,44.65227],[-123.81506,44.65251],[-123.81602,44.65315],[-123.81726,44.65369],[-123.82756,44.65679],[-123.82881,44.65657],[-123.83021,44.65556],[-123.83152,44.65505],[-123.83293,44.65515],[-123.83442,44.65605],[-123.83567,44.65635],[-123.83877,44.65606],[-123.83991,44.65565],[-123.84075,44.65509],[-123.84202,44.65375],[-123.84329,44.65342],[-123.84413,44.65349],[-123.845,44.65391],[-123.8475,44.65588],[-123.84895,44.65609],[-123.8513,44.65549],[-123.85324,44.65455],[-123.85617,44.65454],[-123.85691,44.65424],[-123.85751,44.65376],[-123.8579,44.65302],[-123.85787,44.65252],[-123.85682,44.65048],[-123.85667,44.64984],[-123.85684,44.64869],[-123.85886,44.64506],[-123.85992,44.64423],[-123.86122,44.64408],[-123.86203,44.64436],[-123.86295,44.64511],[-123.86464,44.64732],[-123.86579,44.64789],[-123.86676,44.64807],[-123.8685,44.64758],[-123.86898,44.64701],[-123.86922,44.64627],[-123.86915,44.64538],[-123.86792,44.64321],[-123.86697,44.64266],[-123.86543,44.64243],[-123.86463,44.64201],[-123.86411,44.64146],[-123.86393,44.64092],[-123.86399,44.6403],[-123.86459,44.63831],[-123.86541,44.63721],[-123.86845,44.63474],[-123.86944,44.63359],[-123.87002,44.63254],[-123.87029,44.6312],[-123.87081,44.63053],[-123.87148,44.63021],[-123.87252,44.63007],[-123.87546,44.6309],[-123.87624,44.63078],[-123.87722,44.63022],[-123.87752,44.62974],[-123.87748,44.62889],[-123.8768,44.62783],[-123.87509,44.62581],[-123.8748,44.62511],[-123.87479,44.62375],[-123.87543,44.62201],[-123.87583,44.62146],[-123.8774,44.62023],[-123.87786,44.61961],[-123.87894,44.61637],[-123.87952,44.61505],[-123.88021,44.61418],[-123.88433,44.61114],[-123.88764,44.60767],[-123.88932,44.60633],[-123.89031,44.60523],[-123.89092,44.60485],[-123.89238,44.60464],[-123.89336,44.60491],[-123.8941,44.60565],[-123.89435,44.6067],[-123.89437,44.60751],[-123.89385,44.60993],[-123.89249,44.61397],[-123.8923,44.61504],[-123.89103,44.61811],[-123.89089,44.62187],[-123.89222,44.62569],[-123.89341,44.62758],[-123.89556,44.62968],[-123.89755,44.63255],[-123.89868,44.63345],[-123.89998,44.63396],[-123.90154,44.63413],[-123.90364,44.63381],[-123.90512,44.63316],[-123.90607,44.63227],[-123.90672,44.63121],[-123.907,44.62916],[-123.9066,44.62754],[-123.90453,44.62401],[-123.90346,44.62274],[-123.90131,44.62074],[-123.9011,44.62004],[-123.90199,44.61766],[-123.9049,44.61135],[-123.90509,44.60811],[-123.90464,44.60415],[-123.90481,44.60179],[-123.90518,44.60061],[-123.90577,44.59917],[-123.90652,44.59813],[-123.9088,44.59569],[-123.9096,44.59519],[-123.91105,44.59495],[-123.91237,44.5954],[-123.91587,44.59844],[-123.91804,44.6011],[-123.92162,44.60377],[-123.92476,44.60547],[-123.92708,44.60963],[-123.92761,44.61032],[-123.92839,44.61092],[-123.93042,44.61184],[-123.93151,44.61258],[-123.93199,44.6132],[-123.93253,44.61449],[-123.93674,44.61777],[-123.93757,44.61872],[-123.93827,44.62061],[-123.93852,44.62208],[-123.93905,44.62301],[-123.94019,44.62372],[-123.94167,44.62406],[-123.94296,44.62395],[-123.94417,44.62345],[-123.94671,44.62077],[-123.94811,44.61831],[-123.94856,44.61624],[-123.95013,44.6146],[-123.95047,44.6138],[-123.95042,44.61301],[-123.94897,44.60777],[-123.94812,44.60604],[-123.94732,44.60493],[-123.94553,44.60339],[-123.94488,44.60239],[-123.94169,44.59508],[-123.94157,44.59441],[-123.94181,44.59337],[-123.94483,44.59109],[-123.94627,44.59052],[-123.95495,44.58927],[-123.95588,44.58907],[-123.95689,44.58863],[-123.9645,44.58358],[-123.96529,44.5828],[-123.96614,44.58142],[-123.96661,44.57856],[-123.96698,44.57771],[-123.96922,44.57579],[-123.96999,44.57537],[-123.97148,44.57495],[-123.97296,44.5749],[-123.97852,44.57514],[-123.98154,44.57569],[-123.98472,44.57573],[-123.99135,44.57905],[-123.99396,44.58058],[-123.99752,44.58177],[-124.00055,44.58311],[-124.0041,44.58317],[-124.00733,44.58374],[-124.01242,44.5835],[-124.01562,44.58367],[-124.01726,44.58415],[-124.01779,44.58455],[-124.01831,44.58526],[-124.01839,44.58623],[-124.01804,44.58743],[-124.01434,44.59139],[-124.01108,44.59384],[-124.01094,44.59458],[-124.01104,44.59591],[-124.01086,44.59623]]}},{"type":"Feature","properties":{"valuation":"5","line":"","operator":"Southern Pacific Company","operator_as_printed":"S.P. Co.","nara_bundle":"1055","nara_vs":"005","from_terminus":"Salem","to_terminus":"Black Rock","successor":"","extent_confidence":"medium","uncertainty_notes":"Extent confidence medium in section table. Route via Gerlinger and Dallas as drawn.","manual_addition":false,"source_map":"1561305_001_014_Southern_Pacific_1916.jpg","ref_1964_sp_index":"SP Co. 5 Salem to Black Rock","geometry_unmatched":true,"id":22,"nara_rrname":"Southern Pacific Company","nara_otherrr":"","nara_state":"OR","section_tag":"SP-5","filed_under":"Southern Pacific Company"},"geometry":{"type":"LineString","coordinates":[[-123.02789,44.93074],[-123.02806,44.93383],[-123.02797,44.93502],[-123.02476,44.94167],[-123.02475,44.94229],[-123.02491,44.94252],[-123.02559,44.94288],[-123.04528,44.94781],[-123.04596,44.94775],[-123.04684,44.94743],[-123.05024,44.94516],[-123.06061,44.94065],[-123.06157,44.94009],[-123.06393,44.93755],[-123.06589,44.93613],[-123.0673,44.93552],[-123.07026,44.93508],[-123.07144,44.93459],[-123.07717,44.93011],[-123.07925,44.92905],[-123.082,44.92885],[-123.08357,44.92902],[-123.08631,44.92963],[-123.09548,44.93254],[-123.09711,44.93251],[-123.10196,44.93133],[-123.1041,44.93117],[-123.10783,44.93169],[-123.10962,44.93176],[-123.11089,44.93143],[-123.11409,44.92988],[-123.11536,44.9298],[-123.12265,44.93081],[-123.12831,44.93107],[-123.13356,44.93063],[-123.13837,44.92928],[-123.15206,44.924],[-123.15416,44.92324],[-123.15635,44.92277],[-123.15824,44.92267],[-123.18184,44.92282],[-123.2116,44.91998],[-123.21238,44.92014],[-123.21295,44.92049],[-123.21323,44.92087],[-123.21355,44.92152],[-123.21382,44.92197],[-123.21436,44.92313],[-123.21453,44.92361],[-123.21476,44.92466],[-123.21479,44.925],[-123.21479,44.9253],[-123.21478,44.92567],[-123.21475,44.92602],[-123.21479,44.92565],[-123.21479,44.92525],[-123.21477,44.92483],[-123.21473,44.92448],[-123.21468,44.92415],[-123.21455,44.92369],[-123.21444,44.92337],[-123.2143,44.92299],[-123.21343,44.92113],[-123.21331,44.92055],[-123.21354,44.92003],[-123.21452,44.91962],[-123.24799,44.9164],[-123.29973,44.91533],[-123.31585,44.91536],[-123.31695,44.91565],[-123.31619,44.91512],[-123.31598,44.91464],[-123.316,44.91409],[-123.31643,44.91357],[-123.31732,44.91319],[-123.31827,44.9125],[-123.3193,44.91146],[-123.32035,44.90886],[-123.3216,44.90692],[-123.32211,44.90412],[-123.32347,44.90303],[-123.32482,44.90231],[-123.33213,44.89921],[-123.33316,44.89775],[-123.33269,44.89614],[-123.33128,44.89444],[-123.33059,44.8929],[-123.33072,44.8909],[-123.33063,44.88796],[-123.33089,44.88707],[-123.33286,44.88646],[-123.33407,44.88582],[-123.33471,44.88457],[-123.33879,44.87904],[-123.3407,44.87782],[-123.34291,44.87674],[-123.347,44.87612],[-123.34871,44.87558],[-123.3518,44.8733],[-123.35221,44.87239],[-123.35187,44.8712],[-123.35137,44.8702],[-123.35154,44.86922],[-123.35272,44.86735],[-123.35757,44.86288],[-123.36036,44.86118],[-123.37073,44.85354],[-123.37302,44.85268],[-123.38192,44.8504],[-123.38357,44.85048],[-123.38806,44.85151],[-123.3899,44.85284],[-123.39166,44.85443],[-123.39432,44.85567],[-123.39707,44.85668],[-123.39971,44.85865],[-123.40537,44.86009],[-123.41035,44.86012],[-123.4181,44.85974],[-123.42284,44.86032],[-123.42537,44.8618],[-123.42745,44.86227],[-123.43254,44.86234],[-123.43601,44.86326],[-123.43837,44.86447],[-123.43928,44.86627],[-123.437,44.866],[-123.505,44.835]]}},{"type":"Feature","properties":{"valuation":"6","line":"","operator":"Southern Pacific Company","operator_as_printed":"S.P. Co.","nara_bundle":"1055","nara_vs":"006","from_terminus":"Sheridan","to_terminus":"Willamina","successor":"","extent_confidence":"high","uncertainty_notes":"Spelled Willamina on 1916 map, Willimina in 1964 index.","manual_addition":false,"source_map":"1561305_001_014_Southern_Pacific_1916.jpg","ref_1964_sp_index":"SP Co. 6 Sheridan to Willimina","geometry_unmatched":false,"id":23,"nara_rrname":"Southern Pacific Company","nara_otherrr":"","nara_state":"OR","section_tag":"SP-6","filed_under":"Southern Pacific Company"},"geometry":{"type":"LineString","coordinates":[[-123.3954,45.09653],[-123.40009,45.09666],[-123.40298,45.0961],[-123.40604,45.09619],[-123.40685,45.09641],[-123.40769,45.09686],[-123.41073,45.09915],[-123.41177,45.09958],[-123.41259,45.09972],[-123.42967,45.09907],[-123.43351,45.09877],[-123.43533,45.09811],[-123.4417,45.09485],[-123.44669,45.09132],[-123.45281,45.08985],[-123.45641,45.08876],[-123.46979,45.08384],[-123.47222,45.08253],[-123.47374,45.08191],[-123.48412,45.07842],[-123.48538,45.07821],[-123.48638,45.07834]]}},{"type":"Feature","properties":{"valuation":"7","line":"","operator":"Southern Pacific Company","operator_as_printed":"S.P. Co.","nara_bundle":"1055","nara_vs":"007","from_terminus":"Hillsboro","to_terminus":"Tillamook","successor":"","extent_confidence":"high","uncertainty_notes":"Line printed SOU. PAC. CO. (R.R.).","manual_addition":false,"source_map":"1561305_001_014_Southern_Pacific_1916.jpg","ref_1964_sp_index":"SP Co. 7 Hillsboro to Tillamook","geometry_unmatched":false,"id":24,"nara_rrname":"Southern Pacific Company","nara_otherrr":"","nara_state":"OR","section_tag":"SP-7","filed_under":"Southern Pacific Company"},"geometry":{"type":"LineString","coordinates":[[-122.99073,45.5214],[-122.99132,45.52149],[-122.99105,45.53327],[-122.99116,45.53385],[-122.99191,45.53484],[-123.00193,45.5424],[-123.00997,45.54517],[-123.01866,45.54716],[-123.03342,45.55408],[-123.03495,45.55506],[-123.03609,45.55599],[-123.03701,45.55703],[-123.04932,45.5731],[-123.05094,45.57482],[-123.05225,45.57591],[-123.08204,45.59462],[-123.08834,45.59765],[-123.10091,45.60709],[-123.11091,45.61813],[-123.11176,45.61933],[-123.1355,45.64594],[-123.13655,45.6469],[-123.15208,45.65651],[-123.16006,45.66061],[-123.16099,45.66122],[-123.1732,45.67937],[-123.17384,45.67986],[-123.1833,45.68529],[-123.18463,45.68616],[-123.18557,45.68703],[-123.18477,45.68622],[-123.18417,45.68582],[-123.18325,45.68528],[-123.18191,45.68451],[-123.17526,45.68071],[-123.17466,45.68039],[-123.17377,45.67983],[-123.17355,45.67965],[-123.17334,45.67947],[-123.17321,45.67932],[-123.17301,45.6791],[-123.16925,45.67359],[-123.16374,45.66536],[-123.16448,45.66489],[-123.16685,45.66712],[-123.17253,45.67185],[-123.17405,45.67291],[-123.1888,45.68067],[-123.19507,45.68511],[-123.19588,45.68618],[-123.19617,45.68732],[-123.1956,45.69575],[-123.19545,45.69621],[-123.19461,45.69712],[-123.19205,45.69911],[-123.19183,45.69986],[-123.1921,45.70055],[-123.19277,45.7011],[-123.19483,45.7015],[-123.19601,45.70202],[-123.19763,45.70408],[-123.19914,45.7057],[-123.19961,45.70648],[-123.201,45.70743],[-123.20177,45.70834],[-123.20181,45.70896],[-123.20126,45.7103],[-123.20094,45.71226],[-123.20044,45.71358],[-123.20006,45.71532],[-123.19925,45.71728],[-123.1993,45.71784],[-123.19957,45.7184],[-123.20021,45.71896],[-123.20105,45.71933],[-123.2022,45.71957],[-123.20351,45.71943],[-123.20406,45.71912],[-123.20465,45.71847],[-123.20479,45.71778],[-123.20463,45.71731],[-123.20332,45.71601],[-123.20304,45.7154],[-123.20308,45.71475],[-123.20377,45.71393],[-123.20429,45.71366],[-123.20505,45.71355],[-123.20837,45.71345],[-123.20958,45.71381],[-123.2102,45.71442],[-123.21111,45.71899],[-123.21163,45.71987],[-123.21242,45.72041],[-123.21301,45.7206],[-123.2155,45.72075],[-123.2166,45.72056],[-123.21795,45.71974],[-123.21895,45.71801],[-123.22281,45.71501],[-123.22655,45.71337],[-123.22704,45.71255],[-123.22686,45.71107],[-123.22718,45.71051],[-123.22793,45.70996],[-123.22939,45.70971],[-123.23043,45.71003],[-123.23129,45.71066],[-123.23142,45.71123],[-123.23086,45.71261],[-123.23086,45.713],[-123.23131,45.71441],[-123.23079,45.71529],[-123.22848,45.7167],[-123.22825,45.71718],[-123.22825,45.71772],[-123.22853,45.71832],[-123.22928,45.71889],[-123.23013,45.71907],[-123.23117,45.719],[-123.23182,45.71873],[-123.23404,45.71714],[-123.23613,45.71606],[-123.23664,45.71547],[-123.2368,45.71497],[-123.23681,45.71332],[-123.23798,45.71198],[-123.23813,45.71147],[-123.23853,45.70878],[-123.23845,45.70831],[-123.23787,45.70719],[-123.23785,45.70665],[-123.23807,45.70613],[-123.23854,45.70572],[-123.23965,45.70532],[-123.24019,45.70531],[-123.24181,45.70575],[-123.24284,45.70656],[-123.24401,45.70848],[-123.24437,45.7088],[-123.24652,45.70939],[-123.24783,45.7093],[-123.24858,45.70907],[-123.2493,45.70875],[-123.25112,45.70749],[-123.25447,45.70611],[-123.25832,45.70593],[-123.26033,45.70613],[-123.26761,45.70769],[-123.26918,45.70781],[-123.26992,45.70803],[-123.2713,45.7092],[-123.2748,45.71151],[-123.27688,45.71344],[-123.27928,45.71452],[-123.28085,45.71622],[-123.28184,45.7165],[-123.28308,45.71639],[-123.28414,45.71562],[-123.28579,45.71237],[-123.28643,45.70993],[-123.28685,45.70954],[-123.28737,45.70925],[-123.2883,45.70906],[-123.28976,45.70935],[-123.2906,45.7101],[-123.29064,45.71104],[-123.29006,45.71175],[-123.28892,45.71248],[-123.28861,45.71313],[-123.28841,45.71486],[-123.2867,45.71707],[-123.28632,45.71791],[-123.28679,45.71956],[-123.28619,45.72121],[-123.2862,45.72193],[-123.28657,45.72247],[-123.28732,45.72295],[-123.28864,45.72307],[-123.28951,45.72288],[-123.29425,45.72054],[-123.29861,45.71726],[-123.30139,45.71471],[-123.30322,45.71376],[-123.30438,45.71256],[-123.30667,45.71184],[-123.30903,45.7099],[-123.31203,45.70837],[-123.31254,45.70785],[-123.31275,45.70721],[-123.31335,45.70643],[-123.31401,45.70604],[-123.31591,45.70537],[-123.31754,45.70502],[-123.32055,45.70558],[-123.32411,45.70542],[-123.32647,45.70506],[-123.32844,45.70432],[-123.33032,45.70406],[-123.33273,45.70335],[-123.33377,45.70337],[-123.33694,45.70399],[-123.3375,45.70396],[-123.33847,45.70383],[-123.33915,45.70355],[-123.34006,45.70266],[-123.34043,45.70251],[-123.34232,45.70209],[-123.3432,45.7022],[-123.34529,45.70292],[-123.34659,45.70295],[-123.34695,45.70287],[-123.34878,45.70174],[-123.35046,45.7015],[-123.35197,45.7019],[-123.3526,45.70233],[-123.35296,45.70292],[-123.35301,45.70448],[-123.35324,45.70488],[-123.35352,45.70526],[-123.35474,45.70598],[-123.3557,45.70624],[-123.35663,45.70622],[-123.35978,45.70517],[-123.36071,45.70507],[-123.36399,45.70579],[-123.365,45.70618],[-123.36605,45.70729],[-123.36754,45.71078],[-123.36865,45.71164],[-123.36986,45.71188],[-123.37536,45.71186],[-123.37958,45.71287],[-123.3808,45.71269],[-123.38138,45.71233],[-123.38245,45.71126],[-123.38358,45.71087],[-123.38626,45.71121],[-123.38922,45.71229],[-123.39276,45.71179],[-123.39481,45.71134],[-123.3957,45.71082],[-123.3964,45.70986],[-123.39677,45.7096],[-123.40067,45.7079],[-123.40275,45.70638],[-123.40416,45.70574],[-123.40548,45.70491],[-123.41172,45.70447],[-123.41455,45.70457],[-123.41688,45.70524],[-123.41969,45.70568],[-123.42097,45.70613],[-123.42204,45.70661],[-123.42277,45.70713],[-123.42417,45.70864],[-123.42728,45.70952],[-123.42796,45.70991],[-123.4297,45.71153],[-123.43025,45.71178],[-123.43247,45.71227],[-123.43366,45.71331],[-123.43471,45.71486],[-123.43468,45.71629],[-123.43522,45.71705],[-123.4385,45.71783],[-123.43932,45.71757],[-123.44187,45.71559],[-123.4434,45.71483],[-123.44406,45.71423],[-123.44512,45.71313],[-123.44573,45.71195],[-123.44627,45.71021],[-123.44675,45.70929],[-123.4484,45.70768],[-123.4504,45.7068],[-123.45183,45.70646],[-123.45264,45.70659],[-123.4539,45.7073],[-123.45494,45.70733],[-123.45577,45.70704],[-123.45704,45.70621],[-123.45718,45.70583],[-123.45648,45.70406],[-123.45678,45.70253],[-123.45521,45.70087],[-123.45387,45.69994],[-123.45366,45.69951],[-123.45367,45.69924],[-123.45403,45.69876],[-123.45546,45.69829],[-123.45639,45.69877],[-123.45697,45.70073],[-123.45834,45.70219],[-123.45854,45.70279],[-123.45842,45.70404],[-123.45958,45.70654],[-123.46008,45.70692],[-123.46138,45.70727],[-123.46257,45.7073],[-123.46443,45.70639],[-123.46645,45.70652],[-123.46929,45.7063],[-123.47171,45.70674],[-123.47357,45.70666],[-123.47425,45.70684],[-123.47606,45.70801],[-123.477,45.70815],[-123.47836,45.7079],[-123.47952,45.70749],[-123.4812,45.70614],[-123.48197,45.70581],[-123.48609,45.70505],[-123.48817,45.70529],[-123.49043,45.70485],[-123.49192,45.7055],[-123.49428,45.70596],[-123.49509,45.70654],[-123.49546,45.70708],[-123.49589,45.70725],[-123.50167,45.70703],[-123.50337,45.70766],[-123.50551,45.70792],[-123.51044,45.70965],[-123.51139,45.71014],[-123.5116,45.71047],[-123.51189,45.71221],[-123.51258,45.71285],[-123.51362,45.71326],[-123.51384,45.71322],[-123.51487,45.71403],[-123.5177,45.71487],[-123.51976,45.71523],[-123.52736,45.71427],[-123.5295,45.71367],[-123.53358,45.71343],[-123.538,45.71217],[-123.5416,45.71154],[-123.54418,45.71157],[-123.54615,45.7125],[-123.54654,45.71331],[-123.54778,45.71442],[-123.54881,45.71613],[-123.55057,45.71664],[-123.55298,45.71733],[-123.5553,45.71753],[-123.55805,45.71629],[-123.56184,45.71668],[-123.56297,45.71822],[-123.56482,45.72203],[-123.56751,45.72263],[-123.57002,45.72377],[-123.57171,45.7249],[-123.57671,45.72741],[-123.57779,45.72853],[-123.58042,45.72828],[-123.58292,45.72914],[-123.58404,45.73054],[-123.58495,45.73082],[-123.58852,45.7303],[-123.59097,45.73193],[-123.59649,45.73253],[-123.59761,45.73337],[-123.59899,45.73391],[-123.60063,45.73332],[-123.60109,45.73345],[-123.60193,45.73323],[-123.60253,45.73328],[-123.60343,45.73382],[-123.60405,45.7354],[-123.60448,45.73579],[-123.60542,45.73618],[-123.60606,45.73626],[-123.60844,45.73608],[-123.61021,45.73628],[-123.61311,45.73759],[-123.61673,45.73733],[-123.61977,45.73757],[-123.62181,45.73816],[-123.62709,45.74039],[-123.63088,45.74145],[-123.63223,45.7415],[-123.6338,45.74102],[-123.63613,45.74136],[-123.63701,45.7417],[-123.63993,45.7436],[-123.64404,45.74534],[-123.64539,45.74699],[-123.64593,45.7474],[-123.64688,45.7477],[-123.65039,45.74824],[-123.65237,45.74994],[-123.65405,45.75076],[-123.65533,45.75089],[-123.65758,45.75032],[-123.65877,45.74963],[-123.65973,45.74866],[-123.66099,45.74616],[-123.66154,45.74566],[-123.66205,45.74548],[-123.66342,45.74534],[-123.66721,45.74552],[-123.67156,45.74657],[-123.67502,45.74677],[-123.67802,45.74736],[-123.67952,45.74728],[-123.68087,45.74676],[-123.68142,45.74624],[-123.68248,45.74406],[-123.68342,45.7435],[-123.68431,45.74329],[-123.68955,45.74363],[-123.6927,45.74354],[-123.69518,45.74296],[-123.69858,45.74164],[-123.70073,45.74103],[-123.70341,45.74067],[-123.70828,45.74064],[-123.70978,45.74043],[-123.71085,45.74005],[-123.71303,45.73894],[-123.71406,45.7387],[-123.71596,45.73883],[-123.71828,45.73991],[-123.71997,45.74031],[-123.72287,45.74031],[-123.72443,45.74008],[-123.72695,45.73917],[-123.73228,45.73595],[-123.7362,45.73455],[-123.73767,45.73381],[-123.73919,45.73276],[-123.74084,45.73227],[-123.74418,45.73176],[-123.74651,45.73188],[-123.74852,45.73267],[-123.75181,45.73467],[-123.75321,45.73532],[-123.75489,45.73577],[-123.7564,45.73587],[-123.7581,45.73558],[-123.7592,45.73511],[-123.76315,45.73227],[-123.76459,45.73155],[-123.76601,45.73119],[-123.77132,45.73073],[-123.77277,45.7303],[-123.77342,45.72981],[-123.7739,45.72919],[-123.77417,45.72856],[-123.77417,45.72787],[-123.77356,45.72693],[-123.77167,45.72546],[-123.77109,45.72457],[-123.77131,45.72394],[-123.77283,45.72299],[-123.77315,45.72252],[-123.7732,45.72118],[-123.77283,45.72022],[-123.77226,45.71943],[-123.77106,45.71851],[-123.77033,45.71813],[-123.76707,45.71717],[-123.76572,45.71631],[-123.7651,45.71564],[-123.76461,45.71472],[-123.76444,45.71387],[-123.76429,45.70968],[-123.76406,45.7089],[-123.76369,45.70833],[-123.76253,45.70747],[-123.75756,45.70506],[-123.75683,45.70456],[-123.75626,45.70383],[-123.75612,45.70297],[-123.75642,45.7022],[-123.75709,45.70153],[-123.75822,45.70104],[-123.76896,45.69974],[-123.77108,45.69917],[-123.77388,45.698],[-123.77485,45.69777],[-123.77948,45.69772],[-123.78411,45.69669],[-123.78654,45.69639],[-123.8006,45.69603],[-123.80489,45.69527],[-123.81375,45.69448],[-123.81992,45.69293],[-123.82265,45.69286],[-123.82338,45.69302],[-123.82386,45.69336],[-123.82375,45.69608],[-123.82492,45.69774],[-123.82531,45.69871],[-123.82663,45.69992],[-123.82786,45.7016],[-123.83011,45.70265],[-123.83176,45.70288],[-123.83859,45.70301],[-123.84,45.70266],[-123.84238,45.70132],[-123.84326,45.70118],[-123.84402,45.70129],[-123.85009,45.70333],[-123.85228,45.7034],[-123.85358,45.70397],[-123.85413,45.70403],[-123.85496,45.70383],[-123.85539,45.70349],[-123.85582,45.70209],[-123.85697,45.70063],[-123.85752,45.70038],[-123.85865,45.70039],[-123.85991,45.70086],[-123.86058,45.70138],[-123.86186,45.70279],[-123.86209,45.70319],[-123.86276,45.70574],[-123.86353,45.70717],[-123.86448,45.70771],[-123.86654,45.70792],[-123.87309,45.70714],[-123.87406,45.70673],[-123.87669,45.70466],[-123.87783,45.70343],[-123.87832,45.70193],[-123.87809,45.7008],[-123.87729,45.69902],[-123.87731,45.69787],[-123.8808,45.69157],[-123.8816,45.69043],[-123.88241,45.68972],[-123.88391,45.68887],[-123.88637,45.68784],[-123.88948,45.68716],[-123.89053,45.68708],[-123.90313,45.688],[-123.9052,45.68835],[-123.90836,45.68947],[-123.91033,45.68985],[-123.92252,45.68934],[-123.92366,45.68897],[-123.92442,45.68821],[-123.92451,45.68759],[-123.9239,45.68487],[-123.92445,45.67446],[-123.92366,45.66998],[-123.9237,45.66955],[-123.92398,45.66914],[-123.92496,45.66838],[-123.92587,45.66671],[-123.9272,45.66547],[-123.92763,45.66477],[-123.9302,45.65772],[-123.93109,45.65399],[-123.93249,45.65105],[-123.93584,45.64537],[-123.93956,45.64157],[-123.94001,45.64089],[-123.94039,45.63973],[-123.94304,45.623],[-123.94377,45.61512],[-123.94803,45.59019],[-123.9481,45.58896],[-123.948,45.58721],[-123.94768,45.58568],[-123.94359,45.56996],[-123.94291,45.56888],[-123.94206,45.56811],[-123.93856,45.56531],[-123.93547,45.56327],[-123.93485,45.56259],[-123.93417,45.56109],[-123.93366,45.5606],[-123.93139,45.56007],[-123.92775,45.55868],[-123.92515,45.55838],[-123.92342,45.5575],[-123.92257,45.55729],[-123.9207,45.55734],[-123.91623,45.55861],[-123.90916,45.55903],[-123.90751,45.55967],[-123.90494,45.56186],[-123.9026,45.56268],[-123.8975,45.56275],[-123.89362,45.56313],[-123.89273,45.56301],[-123.89207,45.56265],[-123.89171,45.56207],[-123.89169,45.56157],[-123.8932,45.55949],[-123.89398,45.55895],[-123.89641,45.55814],[-123.89739,45.55744],[-123.89912,45.55519],[-123.89971,45.55284],[-123.90007,45.55221],[-123.90179,45.55037],[-123.90445,45.5489],[-123.90505,45.54827],[-123.90532,45.54774],[-123.90531,45.54732],[-123.90506,45.54683],[-123.90351,45.54554],[-123.90115,45.54197],[-123.90042,45.54053],[-123.89981,45.53848],[-123.89826,45.53665],[-123.89666,45.53528],[-123.89575,45.53421],[-123.89555,45.53332],[-123.89555,45.53282],[-123.89574,45.53251],[-123.8962,45.532],[-123.89759,45.53141],[-123.89847,45.53051],[-123.89847,45.5298],[-123.8974,45.52757],[-123.89645,45.52634],[-123.88948,45.52191],[-123.87354,45.50639],[-123.8715,45.5053],[-123.854,45.49839],[-123.85261,45.49764],[-123.85163,45.49678],[-123.84659,45.48975],[-123.84107,45.48512],[-123.83501,45.478],[-123.83421,45.47684],[-123.83409,45.47604],[-123.83419,45.46385],[-123.83297,45.45921],[-123.83299,45.45704],[-123.83321,45.45722]]}},{"type":"Feature","properties":{"valuation":"8","line":"","operator":"Southern Pacific Company","operator_as_printed":"S.P. Co.","nara_bundle":"1056","nara_vs":"008","from_terminus":"Canby","to_terminus":"Mollala","successor":"","extent_confidence":"high","uncertainty_notes":"Spelled Mollala on both maps.","manual_addition":false,"source_map":"1561305_001_014_Southern_Pacific_1916.jpg","ref_1964_sp_index":"SP Co. 8 Canby to Mollala","geometry_unmatched":false,"id":25,"nara_rrname":"Southern Pacific Company","nara_otherrr":"","nara_state":"OR","section_tag":"SP-8","filed_under":"Southern Pacific Company"},"geometry":{"type":"LineString","coordinates":[[-122.6906,45.26327],[-122.68097,45.26672],[-122.67972,45.2668],[-122.67869,45.26631],[-122.58653,45.18718],[-122.58507,45.1853],[-122.58465,45.18434],[-122.58431,45.18277],[-122.57954,45.15166],[-122.57952,45.15044],[-122.57996,45.14864]]}},{"type":"Feature","properties":{"valuation":"V-9","line":"Willamette Falls Branch","operator":"Southern Pacific Company","operator_as_printed":"S.P. Co.","nara_bundle":"1056","nara_vs":"009","from_terminus":"Walling","to_terminus":"Tualatin River","successor":"","extent_confidence":"low","uncertainty_notes":"Extent confidence low in section table. MISMATCH: 1916 leaders point to the Portland–Oswego line; 1964 index and project manual addition give V-9 as Willamette Falls Branch (Walling–Tualatin River). Manual addition stands; listed here only to record the conflict. Drawn as the manual addition V-9 Willamette Falls Branch, Walling–Tualatin River (approximate; Walling location not established). The 1916 map instead points S.P. Co. 9 at Portland–Oswego.","manual_addition":true,"source_map":"1561305_001_014_Southern_Pacific_1916.jpg","ref_1964_sp_index":"SP Co. 9 (former) Walling to (former) Taulitin River","geometry_unmatched":true,"id":26,"section_tag":"SP V-9","filed_under":"Southern Pacific Company"},"geometry":{"type":"LineString","coordinates":[[-122.61239,45.35443],[-122.61349,45.3529],[-122.61768,45.34942],[-122.61946,45.34814],[-122.62313,45.34764],[-122.62542,45.34692],[-122.64722,45.33655],[-122.66,45.348],[-122.7,45.36]]}},{"type":"Feature","properties":{"valuation":"1","line":"","operator":"Central Pacific Railway Company","operator_as_printed":"C.P. Ry.","nara_bundle":"1063","nara_vs":"001","from_terminus":"California–Oregon state line","to_terminus":"Kirk","successor":"Southern Pacific Company (lessee)","extent_confidence":"high","uncertainty_notes":"Line printed CENTRAL PACIFIC RY.","manual_addition":false,"source_map":"1561305_001_014_Southern_Pacific_1916.jpg","ref_1964_sp_index":"SP Co. 31 Cal-Ore State Line to Kirk","geometry_unmatched":false,"id":27,"nara_rrname":"Southern Pacific Company","nara_otherrr":"Central Pacific","nara_state":"OR","section_tag":"CP-1","filed_under":"Southern Pacific Company"},"geometry":{"type":"LineString","coordinates":[[-121.90059,42.00099],[-121.89198,42.00293],[-121.89007,42.00392],[-121.88887,42.00505],[-121.88807,42.00659],[-121.88795,42.00825],[-121.88837,42.00956],[-121.8904,42.01336],[-121.89076,42.01447],[-121.89077,42.01624],[-121.89016,42.0179],[-121.88909,42.01924],[-121.88079,42.0269],[-121.87938,42.02839],[-121.87802,42.03032],[-121.87433,42.03753],[-121.87354,42.03873],[-121.85288,42.06323],[-121.8519,42.0653],[-121.82795,42.12383],[-121.82684,42.1261],[-121.82543,42.12841],[-121.82305,42.13147],[-121.7725,42.18738],[-121.77132,42.18917],[-121.77077,42.19131],[-121.77114,42.21026],[-121.7713,42.2102],[-121.77135,42.21305],[-121.77158,42.21438],[-121.77121,42.21465],[-121.77133,42.2231],[-121.77149,42.22502],[-121.77209,42.22664],[-121.78194,42.24103],[-121.78354,42.24275],[-121.78537,42.24396],[-121.78899,42.24592],[-121.79804,42.24938],[-121.80001,42.2507],[-121.80107,42.25219],[-121.80267,42.2573],[-121.80321,42.2583],[-121.80434,42.25932],[-121.80905,42.26207],[-121.81031,42.26308],[-121.81102,42.26428],[-121.81131,42.26695],[-121.81182,42.26823],[-121.81269,42.26917],[-121.81564,42.27134],[-121.81617,42.27206],[-121.81651,42.2729],[-121.81654,42.27419],[-121.81562,42.27713],[-121.81543,42.27867],[-121.81775,42.29767],[-121.81854,42.32965],[-121.81907,42.33141],[-121.8201,42.333],[-121.82505,42.33798],[-121.82857,42.34231],[-121.82917,42.34354],[-121.82935,42.34475],[-121.82903,42.34633],[-121.81459,42.38115],[-121.81427,42.38239],[-121.81421,42.38343],[-121.81461,42.38537],[-121.81553,42.38704],[-121.81857,42.39129],[-121.82441,42.40069],[-121.82567,42.40231],[-121.82885,42.40503],[-121.83922,42.41511],[-121.84999,42.42297],[-121.85423,42.42713],[-121.85654,42.42977],[-121.85778,42.43089],[-121.85935,42.43186],[-121.8632,42.43372],[-121.86439,42.43451],[-121.86613,42.4363],[-121.86717,42.438],[-121.86776,42.43982],[-121.86976,42.45465],[-121.87015,42.45665],[-121.88489,42.51689],[-121.88474,42.51869],[-121.8842,42.52017],[-121.87795,42.53048],[-121.87721,42.53225],[-121.87671,42.53439],[-121.8748,42.55347],[-121.87468,42.55528],[-121.87479,42.55821],[-121.87517,42.56045],[-121.87576,42.5617],[-121.87887,42.56501],[-121.8793,42.56623],[-121.87923,42.56734],[-121.87882,42.56824],[-121.87816,42.56903],[-121.87668,42.56998],[-121.86939,42.57214],[-121.8677,42.57292],[-121.86611,42.57402],[-121.86464,42.57565],[-121.86359,42.57742],[-121.86071,42.58138],[-121.85972,42.58316],[-121.85877,42.5862],[-121.85685,42.59801],[-121.85666,42.59994],[-121.85684,42.60214],[-121.85886,42.61168],[-121.85884,42.61272],[-121.85847,42.61373],[-121.85748,42.61486],[-121.85579,42.61577],[-121.85024,42.61682],[-121.84753,42.61775],[-121.84565,42.6189],[-121.84224,42.62187],[-121.84052,42.62277],[-121.83875,42.62316],[-121.83724,42.62317],[-121.83104,42.62176],[-121.82898,42.62174],[-121.82756,42.62205],[-121.82611,42.62276],[-121.82489,42.62396],[-121.82435,42.62512],[-121.82428,42.62636],[-121.82483,42.6277],[-121.82555,42.62853],[-121.82858,42.63077],[-121.8295,42.63223],[-121.82963,42.6331],[-121.82948,42.63401],[-121.82801,42.63687],[-121.82786,42.63835],[-121.82827,42.63944],[-121.83066,42.64214],[-121.83136,42.64357],[-121.8315,42.64478],[-121.83115,42.65013],[-121.83067,42.65175],[-121.82946,42.6536],[-121.81778,42.66513],[-121.81709,42.66612],[-121.81628,42.66783],[-121.81597,42.66904],[-121.81587,42.67035],[-121.81614,42.67272],[-121.81706,42.6777],[-121.81877,42.68197],[-121.81907,42.6831],[-121.81908,42.68492],[-121.81764,42.69017],[-121.81775,42.69118],[-121.8189,42.69355],[-121.81915,42.69463],[-121.8191,42.69533],[-121.81854,42.69731],[-121.81844,42.69842],[-121.81882,42.69963],[-121.82037,42.70188],[-121.82098,42.70315],[-121.82113,42.70494],[-121.82032,42.70754],[-121.82032,42.70897],[-121.82463,42.71829],[-121.8256,42.72522],[-121.82565,42.72663],[-121.82551,42.72745],[-121.82299,42.73597]]}},{"type":"Feature","properties":{"valuation":"2","line":"","operator":"Central Pacific Railway Company","operator_as_printed":"C.P. Ry.","nara_bundle":"1063","nara_vs":"002","from_terminus":"Natron","to_terminus":"Oakridge","successor":"Southern Pacific Company (lessee)","extent_confidence":"high","uncertainty_notes":"Line printed CEN. PAC. RY.","manual_addition":false,"source_map":"1561305_001_014_Southern_Pacific_1916.jpg","ref_1964_sp_index":"SP Co. 32 Natron to Oakridge","geometry_unmatched":false,"id":28,"nara_rrname":"Southern Pacific Company","nara_otherrr":"Central Pacific","nara_state":"OR","section_tag":"CP-2","filed_under":"Southern Pacific Company"},"geometry":{"type":"LineString","coordinates":[[-122.84258,43.95695],[-122.84169,43.9558],[-122.84099,43.95336],[-122.84014,43.95152],[-122.83856,43.94966],[-122.83777,43.94904],[-122.83557,43.94771],[-122.82838,43.9445],[-122.82622,43.94321],[-122.82507,43.94241],[-122.82302,43.94057],[-122.82094,43.93807],[-122.82003,43.93737],[-122.81388,43.93501],[-122.81145,43.9334],[-122.81045,43.93248],[-122.80988,43.93162],[-122.80958,43.93069],[-122.80938,43.92772],[-122.80913,43.92716],[-122.8084,43.92618],[-122.80699,43.92534],[-122.80529,43.92479],[-122.80152,43.92417],[-122.78604,43.92055],[-122.77651,43.9178],[-122.76874,43.9165],[-122.76182,43.91457],[-122.75951,43.91442],[-122.75083,43.91524],[-122.74896,43.91513],[-122.74752,43.91484],[-122.74615,43.91436],[-122.74117,43.91192],[-122.73708,43.90938],[-122.73313,43.90632],[-122.72776,43.90026],[-122.72472,43.89856],[-122.72081,43.89751],[-122.71433,43.89655],[-122.71154,43.89593],[-122.70957,43.89497],[-122.69706,43.88662],[-122.69611,43.88565],[-122.69497,43.88334],[-122.69407,43.8822],[-122.68991,43.8784],[-122.68408,43.87506],[-122.67886,43.87109],[-122.662,43.85971],[-122.66099,43.85932],[-122.65972,43.85918],[-122.657,43.85929],[-122.65571,43.85909],[-122.65423,43.85847],[-122.65187,43.85652],[-122.65056,43.8559],[-122.64253,43.854],[-122.63614,43.85196],[-122.6258,43.8497],[-122.62292,43.84855],[-122.62073,43.84685],[-122.6197,43.84515],[-122.61876,43.84261],[-122.6191,43.84047],[-122.6196,43.8389],[-122.61966,43.83747],[-122.61925,43.83602],[-122.61563,43.82978],[-122.61468,43.82845],[-122.61365,43.82769],[-122.61226,43.82718],[-122.61071,43.82696],[-122.60558,43.82729],[-122.60433,43.82718],[-122.60304,43.82682],[-122.6018,43.82631],[-122.60002,43.82503],[-122.59736,43.82066],[-122.59676,43.81995],[-122.59588,43.81926],[-122.59481,43.81877],[-122.59362,43.81849],[-122.58977,43.81809],[-122.58862,43.81773],[-122.58395,43.81505],[-122.58166,43.81413],[-122.57481,43.81209],[-122.56941,43.8094],[-122.56741,43.80898],[-122.56331,43.80873],[-122.56111,43.80825],[-122.55951,43.80764],[-122.55822,43.80664],[-122.55772,43.80592],[-122.55745,43.8052],[-122.55742,43.80375],[-122.5584,43.80008],[-122.55847,43.79907],[-122.55805,43.79778],[-122.5569,43.79656],[-122.55494,43.79563],[-122.5513,43.79495],[-122.54718,43.79352],[-122.5456,43.79335],[-122.54156,43.7934],[-122.53763,43.79227],[-122.53639,43.79161],[-122.53543,43.79085],[-122.53283,43.78744],[-122.53192,43.78656],[-122.53077,43.78593],[-122.52667,43.78452],[-122.52373,43.78242],[-122.52307,43.78168],[-122.52262,43.78078],[-122.52248,43.77972],[-122.52281,43.77854],[-122.52334,43.77779],[-122.52582,43.77519],[-122.52682,43.77299],[-122.5275,43.77193],[-122.52915,43.76993],[-122.52972,43.76839],[-122.52944,43.7666],[-122.52894,43.7658],[-122.5275,43.76427],[-122.52627,43.76198],[-122.52473,43.76056],[-122.52317,43.75992],[-122.52137,43.75968],[-122.51734,43.76015],[-122.51535,43.76009],[-122.50797,43.75853],[-122.50603,43.75863],[-122.49646,43.75989],[-122.49457,43.7599],[-122.49357,43.75975],[-122.49146,43.75903],[-122.48991,43.75799],[-122.48918,43.7572],[-122.48796,43.75536],[-122.48656,43.75298],[-122.48597,43.75165],[-122.48543,43.75095],[-122.48378,43.74945],[-122.48107,43.74804],[-122.47815,43.74721],[-122.47634,43.74699],[-122.46091,43.74642]]}},{"type":"Feature","properties":{"valuation":"1","line":"","operator":"Oregon-Washington Railroad & Navigation Company","operator_as_printed":"O.W. R.&N.","nara_bundle":"865","nara_vs":"001","from_terminus":"Portland","to_terminus":"","successor":"Union Pacific system","extent_confidence":"low","uncertainty_notes":"Extent confidence low in section table. Leaders reach Portland (inset) and a point on the Washington side below Kalama; may be largely in Washington. No geometry: extent unknown (may lie largely in Washington).","manual_addition":false,"source_map":"1512323_001_001_Oregon_Washington_Railroad_and_Navigation_Company.jpg (same base also on Central RR and SP&S/SV/Mt Hood sheets)","ref_1964_sp_index":"","geometry_unmatched":false,"id":29,"nara_rrname":"Oregon Washington","nara_otherrr":"","nara_state":"OR","section_tag":"OWR&N-1","filed_under":"Oregon Washington"},"geometry":null},{"type":"Feature","properties":{"valuation":"1a","line":"","operator":"Oregon-Washington Railroad & Navigation Company","operator_as_printed":"O.W. R.&N.","nara_bundle":"865","nara_vs":"001A","from_terminus":"N. Portland","to_terminus":"","successor":"Union Pacific system","extent_confidence":"low","uncertainty_notes":"Extent confidence low in section table. Portland inset; leader to N. Portland/St. Johns area only. No geometry: extent unknown beyond N. Portland.","manual_addition":false,"source_map":"1512323_001_001_Oregon_Washington_Railroad_and_Navigation_Company.jpg (same base also on Central RR and SP&S/SV/Mt Hood sheets)","ref_1964_sp_index":"","geometry_unmatched":false,"id":30,"nara_rrname":"Oregon Washington","nara_otherrr":"","nara_state":"OR","section_tag":"OWR&N-1a","filed_under":"Oregon Washington"},"geometry":null},{"type":"Feature","properties":{"valuation":"2","line":"","operator":"Oregon-Washington Railroad & Navigation Company","operator_as_printed":"O.W. R.&N.","nara_bundle":"865","nara_vs":"002","from_terminus":"East Portland","to_terminus":"The Dalles","successor":"Union Pacific system","extent_confidence":"high","uncertainty_notes":"","manual_addition":false,"source_map":"1512323_001_001_Oregon_Washington_Railroad_and_Navigation_Company.jpg (same base also on Central RR and SP&S/SV/Mt Hood sheets)","ref_1964_sp_index":"","geometry_unmatched":false,"id":31,"nara_rrname":"Oregon Washington","nara_otherrr":"","nara_state":"OR","section_tag":"OWR&N-2","filed_under":"Oregon Washington"},"geometry":{"type":"LineString","coordinates":[[-122.66184,45.5218],[-122.6619,45.52564],[-122.66203,45.52565],[-122.66235,45.52569],[-122.66304,45.52584],[-122.66345,45.52597],[-122.66368,45.52605],[-122.66399,45.52619],[-122.6642,45.52629],[-122.66439,45.52642],[-122.66452,45.52651],[-122.66463,45.52659],[-122.66511,45.52699],[-122.66631,45.52791],[-122.66662,45.5282],[-122.66748,45.52907],[-122.66775,45.52933],[-122.66784,45.52941],[-122.66794,45.52949],[-122.66802,45.52955],[-122.66792,45.52947],[-122.6678,45.52938],[-122.6676,45.52918],[-122.6672,45.52876],[-122.66667,45.52824],[-122.66636,45.52795],[-122.6657,45.52741],[-122.66554,45.5273],[-122.66506,45.52694],[-122.66496,45.52687],[-122.66468,45.52663],[-122.66452,45.5265],[-122.66438,45.5264],[-122.66412,45.52625],[-122.66387,45.52613],[-122.66357,45.52601],[-122.66316,45.52588],[-122.6615,45.52565],[-122.66076,45.52585],[-122.6567,45.52782],[-122.65147,45.52937],[-122.64938,45.53026],[-122.6483,45.53037],[-122.64551,45.53029],[-122.63673,45.53072],[-122.63564,45.53089],[-122.63479,45.53122],[-122.63399,45.53178],[-122.63182,45.53412],[-122.63082,45.53462],[-122.6297,45.53482],[-122.62824,45.53465],[-122.61754,45.53216],[-122.61599,45.53149],[-122.6114,45.52845],[-122.60975,45.52788],[-122.60802,45.52768],[-122.60614,45.5278],[-122.60379,45.52848],[-122.59078,45.5351],[-122.58822,45.53584],[-122.58621,45.53592],[-122.58424,45.53564],[-122.5758,45.53271],[-122.57363,45.53216],[-122.57067,45.53194],[-122.56731,45.53237],[-122.56532,45.53302],[-122.56391,45.53371],[-122.56252,45.53469],[-122.56145,45.53584],[-122.56054,45.53772],[-122.55991,45.54317],[-122.55932,45.54449],[-122.5583,45.54575],[-122.55726,45.54658],[-122.55556,45.54745],[-122.55403,45.5479],[-122.55203,45.54815],[-122.53921,45.54712],[-122.52778,45.54508],[-122.50626,45.54264],[-122.47632,45.54284],[-122.47434,45.54247],[-122.46779,45.54039],[-122.46175,45.5401],[-122.4482,45.53853],[-122.44414,45.53883],[-122.43511,45.54132],[-122.43317,45.54156],[-122.43107,45.54136],[-122.42224,45.53944],[-122.41827,45.53921],[-122.41553,45.53946],[-122.40206,45.54176],[-122.40052,45.5418],[-122.39562,45.54142],[-122.38666,45.5413],[-122.37876,45.54231],[-122.36454,45.54277],[-122.34355,45.54135],[-122.33564,45.53953],[-122.33154,45.5382],[-122.32954,45.53802],[-122.31773,45.53828],[-122.30666,45.53901],[-122.30414,45.53937],[-122.29501,45.54123],[-122.28951,45.54156],[-122.28424,45.54102],[-122.2751,45.54176],[-122.2654,45.54094],[-122.26016,45.53999],[-122.25777,45.53982],[-122.25658,45.53996],[-122.25293,45.54091],[-122.25168,45.54109],[-122.24535,45.54107],[-122.22511,45.54188],[-122.21919,45.54134],[-122.20855,45.54263],[-122.20511,45.54347],[-122.20042,45.54542],[-122.19926,45.54616],[-122.19628,45.5486],[-122.18949,45.55233],[-122.185,45.55428],[-122.17186,45.56238],[-122.16695,45.56574],[-122.15819,45.57086],[-122.15699,45.57139],[-122.15571,45.57176],[-122.15153,45.5725],[-122.14623,45.57469],[-122.14355,45.57541],[-122.141,45.57562],[-122.13533,45.57542],[-122.13022,45.57631],[-122.1246,45.57652],[-122.12133,45.57715],[-122.11092,45.5794],[-122.10279,45.58137],[-122.09748,45.5833],[-122.09267,45.58428],[-122.0862,45.58711],[-122.07696,45.58956],[-122.07549,45.58987],[-122.06402,45.59124],[-122.06197,45.59169],[-122.06016,45.59237],[-122.05887,45.59307],[-122.04163,45.60454],[-122.03013,45.60984],[-122.02653,45.61087],[-122.01017,45.61375],[-122.00717,45.61395],[-122.00191,45.61361],[-121.99955,45.61392],[-121.99784,45.61469],[-121.99294,45.61789],[-121.98843,45.61965],[-121.98329,45.6213],[-121.9794,45.62342],[-121.97188,45.62693],[-121.96222,45.63089],[-121.9593,45.63171],[-121.95638,45.63214],[-121.95497,45.63256],[-121.95387,45.63307],[-121.94996,45.6357],[-121.94837,45.63644],[-121.94579,45.63715],[-121.9385,45.63799],[-121.93446,45.63898],[-121.93285,45.63954],[-121.92933,45.64153],[-121.92271,45.64571],[-121.91774,45.64863],[-121.91461,45.65009],[-121.90666,45.65313],[-121.90577,45.65363],[-121.90399,45.65611],[-121.90172,45.65724],[-121.90076,45.65796],[-121.89922,45.66071],[-121.89894,45.66231],[-121.89853,45.66328],[-121.8939,45.66903],[-121.8928,45.67011],[-121.8864,45.67509],[-121.87766,45.67889],[-121.87579,45.67946],[-121.86697,45.67978],[-121.86127,45.67915],[-121.85936,45.67917],[-121.85758,45.67946],[-121.8477,45.68212],[-121.84565,45.68302],[-121.84329,45.68449],[-121.84205,45.68559],[-121.84076,45.68707],[-121.83872,45.69081],[-121.83776,45.69181],[-121.83316,45.6955],[-121.8319,45.69628],[-121.8305,45.69674],[-121.81854,45.69775],[-121.81018,45.69781],[-121.80683,45.69763],[-121.80267,45.69727],[-121.79816,45.69656],[-121.79744,45.69637],[-121.79359,45.69452],[-121.78734,45.69319],[-121.77098,45.69265],[-121.75942,45.69102],[-121.756,45.69076],[-121.74286,45.69245],[-121.73925,45.6926],[-121.73736,45.69239],[-121.73304,45.69121],[-121.73108,45.69088],[-121.72541,45.69066],[-121.71937,45.69073],[-121.69878,45.68807],[-121.69608,45.68798],[-121.69388,45.68826],[-121.6911,45.68912],[-121.68937,45.69005],[-121.68609,45.69257],[-121.68335,45.69386],[-121.67638,45.69605],[-121.66552,45.69904],[-121.66165,45.69936],[-121.65115,45.69923],[-121.64077,45.70013],[-121.63495,45.69962],[-121.632,45.69968],[-121.63022,45.69995],[-121.62788,45.70062],[-121.62102,45.70364],[-121.61812,45.70452],[-121.61627,45.70469],[-121.60672,45.70467],[-121.59074,45.70693],[-121.58313,45.70722],[-121.58179,45.70761],[-121.57888,45.70892],[-121.57536,45.70975],[-121.57372,45.70974],[-121.56932,45.70921],[-121.56452,45.70953],[-121.56287,45.71003],[-121.56044,45.71138],[-121.55889,45.71192],[-121.55517,45.71242],[-121.55144,45.71254],[-121.54771,45.71354],[-121.54204,45.71447],[-121.53855,45.71437],[-121.53609,45.71474],[-121.53422,45.71482],[-121.52544,45.71379],[-121.52382,45.7134],[-121.52053,45.71226],[-121.51665,45.71154],[-121.51113,45.70986],[-121.50949,45.7095],[-121.49648,45.70945],[-121.49371,45.70936],[-121.49138,45.709],[-121.488,45.70789],[-121.48443,45.70644],[-121.48183,45.70465],[-121.47501,45.70196],[-121.47337,45.70086],[-121.47148,45.69931],[-121.4691,45.69848],[-121.46344,45.69764],[-121.46012,45.69638],[-121.45835,45.69598],[-121.45692,45.69582],[-121.44917,45.69562],[-121.44734,45.69527],[-121.44583,45.69452],[-121.43729,45.68907],[-121.43516,45.68829],[-121.42609,45.68654],[-121.42217,45.686],[-121.41947,45.68612],[-121.41299,45.68737],[-121.41084,45.6874],[-121.40969,45.6871],[-121.40687,45.68586],[-121.40193,45.68479],[-121.39898,45.68387],[-121.39732,45.68405],[-121.39573,45.68466],[-121.39302,45.686],[-121.38747,45.68919],[-121.38485,45.69149],[-121.38178,45.69311],[-121.37808,45.69609],[-121.37668,45.69691],[-121.3747,45.6977],[-121.36827,45.69963],[-121.36538,45.70017],[-121.3619,45.70009],[-121.35494,45.6987],[-121.35122,45.69823],[-121.34965,45.69822],[-121.34509,45.69869],[-121.33732,45.69723],[-121.31447,45.69584],[-121.3074,45.69444],[-121.30577,45.69376],[-121.30453,45.69301],[-121.29778,45.68702],[-121.29616,45.6861],[-121.29233,45.68433],[-121.29144,45.68375],[-121.2904,45.68254],[-121.28879,45.6794],[-121.28805,45.67856],[-121.28659,45.67764],[-121.28442,45.67711],[-121.27108,45.67638],[-121.26908,45.67578],[-121.26439,45.67303],[-121.26213,45.67224],[-121.25751,45.67136],[-121.24891,45.66942],[-121.23861,45.66881],[-121.23714,45.66859],[-121.22041,45.66528],[-121.21905,45.66484],[-121.2178,45.66406],[-121.21686,45.66294],[-121.21554,45.66047],[-121.21485,45.65952],[-121.20975,45.65503],[-121.20754,45.65253],[-121.2069,45.65115],[-121.2069,45.65013],[-121.20711,45.64937],[-121.20877,45.6445],[-121.20882,45.64326],[-121.20828,45.64016],[-121.20834,45.63938],[-121.20874,45.63827],[-121.2134,45.62924],[-121.21367,45.62823],[-121.21368,45.62751],[-121.21321,45.62592],[-121.20773,45.61702],[-121.20649,45.61551],[-121.20333,45.61241],[-121.20171,45.61152],[-121.19762,45.60993],[-121.1924,45.60694],[-121.19071,45.60568],[-121.18942,45.60497],[-121.1835,45.60312],[-121.18249,45.60268]]}},{"type":"Feature","properties":{"valuation":"3","line":"","operator":"Oregon-Washington Railroad & Navigation Company","operator_as_printed":"O.W. R.&N.","nara_bundle":"865","nara_vs":"003","from_terminus":"The Dalles","to_terminus":"Coyote","successor":"Union Pacific system","extent_confidence":"medium","uncertainty_notes":"Extent confidence medium in section table. Coyote location approximate (placed where the 1916 main line and the cutoff to Hinkle part, west of Umatilla).","manual_addition":false,"source_map":"1512323_001_001_Oregon_Washington_Railroad_and_Navigation_Company.jpg (same base also on Central RR and SP&S/SV/Mt Hood sheets)","ref_1964_sp_index":"","geometry_unmatched":false,"id":32,"nara_rrname":"Oregon Washington","nara_otherrr":"","nara_state":"OR","section_tag":"OWR&N-3","filed_under":"Oregon Washington"},"geometry":{"type":"LineString","coordinates":[[-121.18249,45.60268],[-121.17872,45.6009],[-121.17406,45.59836],[-121.17221,45.59778],[-121.1702,45.59759],[-121.15284,45.59775],[-121.15102,45.59788],[-121.14871,45.59836],[-121.13542,45.60211],[-121.13387,45.60285],[-121.13267,45.60363],[-121.12434,45.61029],[-121.12042,45.61458],[-121.11504,45.61829],[-121.11034,45.62326],[-121.09954,45.63258],[-121.09328,45.63638],[-121.09031,45.6379],[-121.07156,45.64569],[-121.06844,45.64664],[-121.06471,45.64733],[-121.04915,45.64784],[-121.01639,45.64716],[-121.00864,45.64715],[-120.98808,45.64493],[-120.97499,45.64469],[-120.97087,45.64526],[-120.96727,45.64632],[-120.965,45.64736],[-120.95792,45.65128],[-120.95562,45.65219],[-120.95402,45.65261],[-120.95156,45.65299],[-120.94797,45.65296],[-120.94528,45.65252],[-120.9433,45.65192],[-120.93894,45.65],[-120.93693,45.64885],[-120.92875,45.64193],[-120.92526,45.63815],[-120.92277,45.63582],[-120.92167,45.6351],[-120.91976,45.6344],[-120.91759,45.63409],[-120.90864,45.63483],[-120.9083,45.63397],[-120.90805,45.63439],[-120.90669,45.6352],[-120.89716,45.63769],[-120.89425,45.63874],[-120.89167,45.64],[-120.87569,45.65128],[-120.86164,45.65986],[-120.85749,45.66191],[-120.83561,45.67023],[-120.83536,45.66996],[-120.83534,45.67035],[-120.82214,45.67535],[-120.81986,45.67588],[-120.81305,45.67686],[-120.80504,45.67763],[-120.80118,45.67843],[-120.77681,45.68523],[-120.75311,45.69091],[-120.75085,45.69171],[-120.74476,45.69441],[-120.72016,45.70286],[-120.71449,45.70419],[-120.70387,45.70591],[-120.69793,45.70723],[-120.69448,45.70821],[-120.6919,45.70919],[-120.68733,45.71123],[-120.68382,45.71304],[-120.68117,45.71465],[-120.6718,45.721],[-120.6606,45.72746],[-120.65866,45.72832],[-120.65362,45.72972],[-120.65165,45.73057],[-120.65002,45.73169],[-120.64544,45.73597],[-120.64395,45.73691],[-120.64203,45.73773],[-120.63549,45.73952],[-120.63084,45.74042],[-120.6267,45.74073],[-120.61656,45.74075],[-120.60766,45.74137],[-120.60264,45.74131],[-120.59953,45.74108],[-120.59366,45.74021],[-120.58076,45.73746],[-120.57394,45.73561],[-120.56923,45.734],[-120.56427,45.73199],[-120.561,45.73046],[-120.55728,45.7285],[-120.55438,45.72666],[-120.55032,45.72345],[-120.53901,45.71214],[-120.53584,45.70929],[-120.53271,45.70703],[-120.52222,45.70049],[-120.51292,45.6957],[-120.50787,45.69354],[-120.50385,45.69225],[-120.48922,45.68845],[-120.48385,45.68775],[-120.47891,45.68768],[-120.4658,45.68836],[-120.44043,45.6911],[-120.41893,45.69194],[-120.40777,45.693],[-120.39321,45.69282],[-120.38945,45.69295],[-120.38592,45.69349],[-120.36836,45.69735],[-120.36638,45.698],[-120.35539,45.7024],[-120.35235,45.70329],[-120.34997,45.70364],[-120.34165,45.70404],[-120.33657,45.70462],[-120.33195,45.70545],[-120.32121,45.70798],[-120.32663,45.71594],[-120.30878,45.71933],[-120.29095,45.72455],[-120.27982,45.7265],[-120.27783,45.72653],[-120.27055,45.72602],[-120.26305,45.72593],[-120.26099,45.72608],[-120.25344,45.7271],[-120.24186,45.72755],[-120.23371,45.72854],[-120.231,45.72917],[-120.2285,45.73034],[-120.1916,45.75455],[-120.19067,45.75535],[-120.18952,45.75676],[-120.18715,45.76094],[-120.18619,45.76195],[-120.18505,45.76281],[-120.17025,45.77054],[-120.15703,45.77569],[-120.14983,45.77927],[-120.14164,45.7813],[-120.13149,45.78283],[-120.11717,45.7853],[-120.10325,45.78707],[-120.09243,45.78814],[-120.08094,45.79088],[-120.07031,45.79436],[-120.06834,45.79521],[-120.06336,45.79804],[-120.04814,45.80302],[-120.03653,45.80837],[-120.02777,45.81047],[-120.0253,45.81134],[-120.01951,45.81385],[-120.01723,45.81467],[-120.00436,45.81831],[-119.98972,45.82271],[-119.97797,45.82766],[-119.96597,45.83012],[-119.96477,45.83026],[-119.96038,45.83029],[-119.95747,45.83063],[-119.94829,45.83306],[-119.94163,45.83423],[-119.9414,45.82081],[-119.93959,45.82073],[-119.93605,45.82026],[-119.93123,45.81922],[-119.92839,45.8191],[-119.92281,45.81924],[-119.91839,45.81973],[-119.91352,45.82157],[-119.91187,45.82202],[-119.91024,45.82229],[-119.9046,45.82263],[-119.90097,45.82325],[-119.86813,45.83146],[-119.86592,45.83219],[-119.86112,45.83417],[-119.85971,45.83458],[-119.84319,45.83727],[-119.80783,45.84453],[-119.80367,45.8448],[-119.80126,45.84468],[-119.77358,45.84229],[-119.77101,45.84213],[-119.76608,45.84219],[-119.70488,45.84687],[-119.70461,45.84318],[-119.70629,45.84246],[-119.70643,45.84263],[-119.70222,45.84401],[-119.6976,45.84554],[-119.69185,45.84742],[-119.68585,45.84893],[-119.68255,45.84949],[-119.66503,45.85156],[-119.66115,45.8516],[-119.65762,45.85124],[-119.65465,45.85063],[-119.55325,45.82695]]}},{"type":"Feature","properties":{"valuation":"4","line":"","operator":"Oregon-Washington Railroad & Navigation Company","operator_as_printed":"O.W. R.&N.","nara_bundle":"866","nara_vs":"004","from_terminus":"Coyote","to_terminus":"Huntington","successor":"Union Pacific system","extent_confidence":"medium","uncertainty_notes":"Extent confidence medium in section table. Long leader; route via Pendleton, La Grande, Baker as drawn. Relationship to O.W. 10 unclear.","manual_addition":false,"source_map":"1512323_001_001_Oregon_Washington_Railroad_and_Navigation_Company.jpg (same base also on Central RR and SP&S/SV/Mt Hood sheets)","ref_1964_sp_index":"","geometry_unmatched":false,"id":33,"nara_rrname":"Oregon Washington","nara_otherrr":"","nara_state":"OR","section_tag":"OWR&N-4","filed_under":"Oregon Washington"},"geometry":{"type":"LineString","coordinates":[[-119.55325,45.82695],[-119.49784,45.81398],[-119.49413,45.81325],[-119.39103,45.80027],[-119.38807,45.80007],[-119.38283,45.8005],[-119.35908,45.80477],[-119.35672,45.80507],[-119.35468,45.80491],[-119.35193,45.80443],[-119.32072,45.7981],[-119.31918,45.7979],[-119.30177,45.79777],[-119.30188,45.79794],[-119.30174,45.79857],[-119.30129,45.79978],[-119.29909,45.80325],[-119.30015,45.80072],[-119.30009,45.79962],[-119.29964,45.79888],[-119.29881,45.79822],[-119.29721,45.7977],[-119.28095,45.79722],[-119.27048,45.79863],[-119.26383,45.79807],[-119.26201,45.79772],[-119.25388,45.79457],[-119.25018,45.79345],[-119.23918,45.79063],[-119.23579,45.78869],[-119.23109,45.78674],[-119.22743,45.78401],[-119.22497,45.78182],[-119.22185,45.77935],[-119.2211,45.77855],[-119.21204,45.7651],[-119.21127,45.76291],[-119.21084,45.76111],[-119.21113,45.75251],[-119.21063,45.75109],[-119.20974,45.74996],[-119.20845,45.749],[-119.20697,45.74833],[-119.2051,45.7479],[-119.20034,45.74759],[-119.1986,45.7471],[-119.197,45.74627],[-119.19583,45.74526],[-119.17862,45.72575],[-119.17794,45.72482],[-119.1765,45.72205],[-119.17573,45.7212],[-119.17459,45.72052],[-119.17313,45.7201],[-119.16531,45.71999],[-119.16397,45.71972],[-119.16274,45.71917],[-119.16179,45.71843],[-119.1526,45.7096],[-119.14967,45.70623],[-119.14854,45.70547],[-119.13835,45.70023],[-119.13669,45.69922],[-119.13418,45.69724],[-119.1306,45.69367],[-119.12852,45.69233],[-119.12662,45.69165],[-119.12432,45.69129],[-119.11119,45.69184],[-119.10941,45.69172],[-119.10781,45.69129],[-119.10643,45.69059],[-119.10553,45.68983],[-119.10248,45.68565],[-119.10125,45.68439],[-119.09988,45.68339],[-119.09844,45.68258],[-119.09135,45.67931],[-119.08103,45.67299],[-119.07803,45.67178],[-119.07481,45.67092],[-119.07016,45.67033],[-119.06141,45.67028],[-119.05951,45.67065],[-119.04725,45.67433],[-119.03152,45.67655],[-119.02887,45.67657],[-119.02636,45.67593],[-119.02509,45.67527],[-119.02406,45.67446],[-119.02297,45.6729],[-119.02185,45.66904],[-119.02111,45.66768],[-119.02025,45.66676],[-119.0192,45.66596],[-119.01796,45.66529],[-119.01648,45.66476],[-119.01362,45.66436],[-119.01141,45.66458],[-119.00931,45.66529],[-119.00646,45.66688],[-119.00498,45.66746],[-119.00278,45.66786],[-119.0002,45.66771],[-118.99842,45.66722],[-118.98403,45.66177],[-118.98183,45.66109],[-118.97939,45.66065],[-118.96978,45.65984],[-118.96771,45.65943],[-118.96588,45.6588],[-118.95683,45.6547],[-118.95482,45.65406],[-118.95372,45.65391],[-118.91362,45.65157],[-118.91124,45.65148],[-118.90966,45.65161],[-118.90768,45.65221],[-118.90631,45.65301],[-118.8999,45.65936],[-118.89884,45.66009],[-118.89708,45.66079],[-118.89437,45.66109],[-118.89228,45.66077],[-118.89088,45.66026],[-118.88484,45.657],[-118.88257,45.6565],[-118.88056,45.65664],[-118.8792,45.65703],[-118.83979,45.67245],[-118.83672,45.67326],[-118.83378,45.67358],[-118.82405,45.67364],[-118.81898,45.6731],[-118.81416,45.67194],[-118.8027,45.66806],[-118.79469,45.66707],[-118.79219,45.66734],[-118.78548,45.66938],[-118.78536,45.66942],[-118.7855,45.67001],[-118.78354,45.67059],[-118.78164,45.67058],[-118.77553,45.67246],[-118.77143,45.67424],[-118.77006,45.67441],[-118.76573,45.67426],[-118.76203,45.67446],[-118.75972,45.67416],[-118.75722,45.67336],[-118.75355,45.67249],[-118.75205,45.67191],[-118.74739,45.66955],[-118.74515,45.66891],[-118.74329,45.66866],[-118.74143,45.66863],[-118.73928,45.66887],[-118.72999,45.67138],[-118.72842,45.67158],[-118.70182,45.67046],[-118.69517,45.67112],[-118.69235,45.67121],[-118.64538,45.66838],[-118.63356,45.6662],[-118.63057,45.66595],[-118.62731,45.66602],[-118.62343,45.66651],[-118.60944,45.66911],[-118.58339,45.67582],[-118.58147,45.67604],[-118.56725,45.67631],[-118.55644,45.67706],[-118.55245,45.67771],[-118.54743,45.67959],[-118.54539,45.68108],[-118.54265,45.68272],[-118.54026,45.68371],[-118.53542,45.68513],[-118.53218,45.68543],[-118.52871,45.68639],[-118.52228,45.68628],[-118.51921,45.68542],[-118.51773,45.68528],[-118.51241,45.6855],[-118.51126,45.68576],[-118.50894,45.68666],[-118.50682,45.68689],[-118.49931,45.68549],[-118.4955,45.6855],[-118.48547,45.68388],[-118.48363,45.68405],[-118.47747,45.68553],[-118.47552,45.68569],[-118.45436,45.68221],[-118.45087,45.68214],[-118.4459,45.68307],[-118.44321,45.68406],[-118.44153,45.68441],[-118.43289,45.68398],[-118.43158,45.68406],[-118.43002,45.68439],[-118.40603,45.69511],[-118.40357,45.69601],[-118.40063,45.69676],[-118.37596,45.70091],[-118.37462,45.70076],[-118.37032,45.69959],[-118.36728,45.69933],[-118.36462,45.69966],[-118.35807,45.70162],[-118.35627,45.70158],[-118.35502,45.70111],[-118.35431,45.70038],[-118.3541,45.69971],[-118.35396,45.69439],[-118.35415,45.69324],[-118.35651,45.68999],[-118.36245,45.68581],[-118.3632,45.68513],[-118.36373,45.68433],[-118.364,45.68305],[-118.36423,45.67365],[-118.36464,45.67258],[-118.3662,45.6706],[-118.36638,45.66989],[-118.3662,45.66919],[-118.36506,45.66679],[-118.36394,45.66276],[-118.36287,45.65669],[-118.36238,45.65604],[-118.36111,45.65506],[-118.36053,45.65397],[-118.36042,45.6525],[-118.36077,45.65052],[-118.3601,45.64791],[-118.35973,45.64724],[-118.35802,45.64583],[-118.35759,45.64516],[-118.35479,45.63721],[-118.35461,45.63528],[-118.35535,45.62924],[-118.35534,45.62774],[-118.35228,45.6147],[-118.35195,45.61407],[-118.35002,45.61164],[-118.34909,45.60903],[-118.34793,45.6071],[-118.34708,45.60603],[-118.33984,45.59905],[-118.33573,45.59569],[-118.33174,45.59281],[-118.33048,45.59134],[-118.33001,45.59032],[-118.32434,45.57343],[-118.32358,45.5725],[-118.31968,45.56975],[-118.31893,45.56884],[-118.31873,45.56814],[-118.31884,45.56567],[-118.31867,45.56479],[-118.31827,45.56406],[-118.31428,45.55887],[-118.31371,45.5579],[-118.31,45.54558],[-118.30957,45.54473],[-118.30892,45.54416],[-118.30177,45.54039],[-118.29589,45.53576],[-118.29474,45.53453],[-118.29403,45.53334],[-118.29176,45.52655],[-118.29129,45.52579],[-118.2905,45.52522],[-118.28454,45.52265],[-118.28293,45.5214],[-118.28198,45.52013],[-118.28139,45.51833],[-118.28145,45.51223],[-118.28069,45.50891],[-118.28115,45.50393],[-118.28095,45.50336],[-118.27986,45.50201],[-118.27952,45.50136],[-118.27943,45.50074],[-118.27957,45.49865],[-118.27851,45.4961],[-118.27829,45.49325],[-118.27612,45.48834],[-118.27515,45.48418],[-118.27513,45.48336],[-118.27558,45.48238],[-118.27662,45.48155],[-118.27752,45.48119],[-118.28186,45.4801],[-118.28294,45.47954],[-118.28591,45.47739],[-118.28678,45.47704],[-118.2879,45.47691],[-118.28906,45.47708],[-118.29311,45.47836],[-118.29789,45.47805],[-118.29931,45.47815],[-118.30495,45.48055],[-118.3128,45.48218],[-118.31375,45.48278],[-118.31564,45.48459],[-118.32072,45.48645],[-118.32394,45.489],[-118.33778,45.49439],[-118.33858,45.49485],[-118.3391,45.49536],[-118.33944,45.49601],[-118.34021,45.49874],[-118.34191,45.50246],[-118.34288,45.50589],[-118.34232,45.51574],[-118.34367,45.51816],[-118.34335,45.52092],[-118.34417,45.52313],[-118.34465,45.52596],[-118.3451,45.52683],[-118.34602,45.52771],[-118.35225,45.53171],[-118.35474,45.53253],[-118.35769,45.53294],[-118.35932,45.53271],[-118.36755,45.52941],[-118.36926,45.52925],[-118.3721,45.52966],[-118.37313,45.52956],[-118.37384,45.52931],[-118.37651,45.52783],[-118.37888,45.52572],[-118.38091,45.52424],[-118.38144,45.52358],[-118.38203,45.52186],[-118.38254,45.52114],[-118.38627,45.51853],[-118.38792,45.51825],[-118.39406,45.51847],[-118.39536,45.51838],[-118.39668,45.51797],[-118.40049,45.51605],[-118.4023,45.51574],[-118.40722,45.51645],[-118.41105,45.51762],[-118.41283,45.51755],[-118.41373,45.51726],[-118.41483,45.51655],[-118.41588,45.51468],[-118.41674,45.51368],[-118.41753,45.51325],[-118.42009,45.51236],[-118.42099,45.51168],[-118.42139,45.51112],[-118.42162,45.51006],[-118.42122,45.50531],[-118.42136,45.50445],[-118.42203,45.50352],[-118.42569,45.50081],[-118.42631,45.4998],[-118.42645,45.49871],[-118.4262,45.49781],[-118.4237,45.49333],[-118.42255,45.49217],[-118.41743,45.48793],[-118.4165,45.48686],[-118.41598,45.48579],[-118.4148,45.48166],[-118.41459,45.48017],[-118.4149,45.47722],[-118.41342,45.47224],[-118.41343,45.47104],[-118.41538,45.46692],[-118.4162,45.46422],[-118.41926,45.46168],[-118.42016,45.4605],[-118.42036,45.45971],[-118.4202,45.45909],[-118.41962,45.45842],[-118.41587,45.45654],[-118.41521,45.45593],[-118.41487,45.45526],[-118.41427,45.45177],[-118.41387,45.45097],[-118.41107,45.44873],[-118.40742,45.445],[-118.40244,45.44291],[-118.40109,45.44205],[-118.39394,45.4348],[-118.39215,45.43328],[-118.38116,45.42643],[-118.38058,45.42556],[-118.38045,45.42358],[-118.38004,45.4225],[-118.37698,45.42007],[-118.37252,45.41463],[-118.37162,45.41374],[-118.36754,45.41161],[-118.36659,45.4113],[-118.36538,45.41125],[-118.36246,45.41153],[-118.36118,45.41129],[-118.36022,45.4107],[-118.35797,45.40879],[-118.35419,45.40656],[-118.35345,45.40569],[-118.35074,45.40123],[-118.35012,45.40068],[-118.34714,45.39886],[-118.34268,45.39397],[-118.34156,45.39215],[-118.3398,45.38762],[-118.33557,45.38285],[-118.33328,45.37884],[-118.33158,45.3766],[-118.33074,45.37594],[-118.32811,45.37491],[-118.32683,45.37466],[-118.32328,45.37481],[-118.31957,45.37364],[-118.31423,45.37333],[-118.31281,45.37361],[-118.30426,45.37613],[-118.3031,45.37621],[-118.30186,45.37593],[-118.29901,45.37484],[-118.29504,45.37466],[-118.29377,45.3744],[-118.2904,45.37282],[-118.28623,45.37132],[-118.28178,45.36937],[-118.27536,45.36846],[-118.27193,45.36834],[-118.26931,45.36741],[-118.26506,45.36741],[-118.26436,45.36725],[-118.26324,45.3667],[-118.26014,45.36428],[-118.2593,45.36379],[-118.25473,45.36265],[-118.25334,45.36237],[-118.25207,45.36232],[-118.24567,45.36313],[-118.24299,45.36318],[-118.2419,45.36302],[-118.24065,45.36249],[-118.23993,45.36185],[-118.23678,45.3562],[-118.23631,45.35559],[-118.23525,45.35469],[-118.234,45.35401],[-118.22259,45.34906],[-118.221,45.34853],[-118.21874,45.34852],[-118.2103,45.34993],[-118.20854,45.34966],[-118.20455,45.34797],[-118.20262,45.34787],[-118.20183,45.34809],[-118.20091,45.34864],[-118.19746,45.35219],[-118.19624,45.35301],[-118.18955,45.35505],[-118.18812,45.35521],[-118.18693,45.3549],[-118.18291,45.35319],[-118.18167,45.35291],[-118.17067,45.35268],[-118.1681,45.35217],[-118.1673,45.35162],[-118.16697,45.35113],[-118.16581,45.34739],[-118.16506,45.34664],[-118.16409,45.34625],[-118.1626,45.34621],[-118.15976,45.3472],[-118.15897,45.34731],[-118.15303,45.34639],[-118.15176,45.34637],[-118.15068,45.34665],[-118.14712,45.34806],[-118.14562,45.34821],[-118.14461,45.34796],[-118.14178,45.34641],[-118.13908,45.34451],[-118.13742,45.34421],[-118.12697,45.34647],[-118.12497,45.34655],[-118.12367,45.34618],[-118.12304,45.34582],[-118.12243,45.34522],[-118.12204,45.34441],[-118.12168,45.3424],[-118.12124,45.34182],[-118.12072,45.34148],[-118.11917,45.34119],[-118.11636,45.34175],[-118.11431,45.34181],[-118.11295,45.34159],[-118.1113,45.34101],[-118.01422,45.28022],[-117.95424,45.24245],[-117.93197,45.22554],[-117.90843,45.20476],[-117.90698,45.20293],[-117.90623,45.2011],[-117.90603,45.19956],[-117.90605,45.19555],[-117.90585,45.19491],[-117.90402,45.1925],[-117.90067,45.18985],[-117.89969,45.18932],[-117.8952,45.18769],[-117.89415,45.18749],[-117.89333,45.18756],[-117.89236,45.18789],[-117.89175,45.18837],[-117.89032,45.19086],[-117.88943,45.19171],[-117.88839,45.19222],[-117.88744,45.19243],[-117.88578,45.19223],[-117.88488,45.1917],[-117.88201,45.18907],[-117.88055,45.1868],[-117.88004,45.18626],[-117.87904,45.18575],[-117.87661,45.18499],[-117.87554,45.18443],[-117.87273,45.18174],[-117.86965,45.17966],[-117.86832,45.1781],[-117.8677,45.17691],[-117.86752,45.17619],[-117.86768,45.17553],[-117.86865,45.17458],[-117.87104,45.17363],[-117.8722,45.17299],[-117.87311,45.17195],[-117.87339,45.17086],[-117.87308,45.16997],[-117.87227,45.16931],[-117.86886,45.16845],[-117.8678,45.16789],[-117.86726,45.16713],[-117.8667,45.16552],[-117.86682,45.16451],[-117.86844,45.16184],[-117.86888,45.16069],[-117.87,45.15272],[-117.86977,45.14985],[-117.86802,45.14317],[-117.86478,45.13944],[-117.86387,45.13862],[-117.85491,45.13393],[-117.85412,45.13339],[-117.85347,45.13241],[-117.85171,45.12804],[-117.85105,45.12711],[-117.84128,45.12017],[-117.84051,45.11947],[-117.83692,45.11441],[-117.83665,45.113],[-117.83694,45.10965],[-117.83657,45.10862],[-117.83576,45.10763],[-117.83072,45.10302],[-117.82898,45.10175],[-117.82588,45.10006],[-117.82076,45.09788],[-117.81938,45.09695],[-117.81837,45.09603],[-117.81533,45.0915],[-117.81476,45.09027],[-117.81453,45.08838],[-117.81508,45.08648],[-117.81608,45.08507],[-117.81706,45.08419],[-117.81895,45.08297],[-117.82131,45.08194],[-117.82503,45.08097],[-117.84182,45.07725],[-117.84586,45.07647],[-117.84748,45.07635],[-117.84955,45.07645],[-117.85733,45.07747],[-117.859,45.07731],[-117.86017,45.0768],[-117.86087,45.07611],[-117.86109,45.07526],[-117.86035,45.07305],[-117.86016,45.07091],[-117.85983,45.0704],[-117.85805,45.06866],[-117.85695,45.06534],[-117.85492,45.06313],[-117.8546,45.06222],[-117.85481,45.06164],[-117.85541,45.06109],[-117.85807,45.06023],[-117.85917,45.0596],[-117.85969,45.059],[-117.86094,45.05682],[-117.86204,45.05609],[-117.86339,45.05588],[-117.86464,45.05613],[-117.87139,45.06029],[-117.87312,45.06087],[-117.87475,45.06092],[-117.87868,45.06018],[-117.87992,45.06011],[-117.88132,45.06031],[-117.88436,45.06117],[-117.88637,45.06127],[-117.88835,45.06092],[-117.89028,45.06],[-117.89108,45.05931],[-117.89183,45.05831],[-117.90606,45.03515],[-117.90725,45.03369],[-117.9093,45.03219],[-117.93429,45.01826],[-117.93617,45.01695],[-117.93789,45.01545],[-117.97471,44.97642],[-117.97605,44.97446],[-117.97708,44.97222],[-117.97755,44.97026],[-117.97766,44.9681],[-117.97745,44.96634],[-117.97692,44.96451],[-117.97593,44.96245],[-117.97486,44.96087],[-117.90782,44.86867],[-117.84246,44.77839],[-117.8383,44.77269],[-117.83703,44.77139],[-117.81982,44.76016],[-117.81876,44.75929],[-117.81657,44.75668],[-117.81264,44.7529],[-117.81199,44.75187],[-117.81056,44.74844],[-117.80986,44.7472],[-117.80551,44.74224],[-117.77925,44.7217],[-117.7779,44.72085],[-117.77657,44.72026],[-117.75305,44.7115],[-117.75162,44.7107],[-117.74939,44.70856],[-117.74835,44.70805],[-117.7427,44.70733],[-117.74161,44.70681],[-117.73934,44.70493],[-117.73588,44.70345],[-117.73042,44.70243],[-117.70544,44.69396],[-117.69995,44.69327],[-117.69514,44.69152],[-117.6939,44.69145],[-117.6931,44.69158],[-117.68841,44.69318],[-117.68662,44.69318],[-117.68522,44.69268],[-117.67802,44.68837],[-117.6771,44.688],[-117.67611,44.68784],[-117.66727,44.68839],[-117.65967,44.68974],[-117.65795,44.68955],[-117.65689,44.68909],[-117.65525,44.68792],[-117.65453,44.68696],[-117.65246,44.68342],[-117.65123,44.68217],[-117.64969,44.68112],[-117.63858,44.67616],[-117.62227,44.6702],[-117.62108,44.66926],[-117.61931,44.66663],[-117.61662,44.66413],[-117.61348,44.66293],[-117.61041,44.66092],[-117.60765,44.65959],[-117.60356,44.65806],[-117.60138,44.6567],[-117.60035,44.65639],[-117.59654,44.65605],[-117.59223,44.65434],[-117.58907,44.6539],[-117.58546,44.65311],[-117.58245,44.65313],[-117.58156,44.653],[-117.5784,44.65187],[-117.57541,44.64947],[-117.57424,44.64888],[-117.57302,44.64855],[-117.5659,44.64768],[-117.56457,44.64739],[-117.55817,44.64457],[-117.55706,44.64421],[-117.55579,44.64413],[-117.55491,44.64426],[-117.55194,44.64553],[-117.55081,44.6458],[-117.54682,44.64525],[-117.54492,44.64477],[-117.53741,44.64143],[-117.53483,44.64009],[-117.51799,44.62959],[-117.5165,44.62902],[-117.51496,44.62898],[-117.51109,44.62972],[-117.50999,44.62979],[-117.50884,44.62968],[-117.50282,44.62835],[-117.50144,44.62855],[-117.50023,44.62911],[-117.49923,44.62987],[-117.49842,44.63073],[-117.49596,44.63408],[-117.49515,44.6355],[-117.49502,44.63681],[-117.49574,44.64285],[-117.49552,44.64402],[-117.49482,44.64469],[-117.49372,44.64513],[-117.49236,44.64516],[-117.49119,44.64472],[-117.49056,44.64415],[-117.49025,44.64338],[-117.48816,44.61816],[-117.48806,44.61721],[-117.48761,44.61571],[-117.48511,44.6116],[-117.4683,44.58627],[-117.46587,44.58374],[-117.46265,44.58152],[-117.4364,44.56761],[-117.43415,44.56612],[-117.4327,44.56448],[-117.41773,44.54099],[-117.41458,44.53844],[-117.41188,44.53457],[-117.41107,44.53378],[-117.40946,44.53288],[-117.40533,44.53189],[-117.40394,44.53127],[-117.40326,44.53059],[-117.40189,44.52812],[-117.39818,44.52455],[-117.39708,44.52383],[-117.39258,44.52298],[-117.38942,44.52201],[-117.38592,44.52128],[-117.38299,44.51971],[-117.37916,44.519],[-117.37809,44.51867],[-117.37717,44.51816],[-117.37635,44.51744],[-117.37586,44.51665],[-117.37572,44.51543],[-117.37596,44.51473],[-117.37767,44.51229],[-117.37778,44.51123],[-117.3775,44.51061],[-117.37707,44.51015],[-117.3714,44.50627],[-117.3705,44.50531],[-117.37028,44.5046],[-117.37034,44.50389],[-117.37197,44.49941],[-117.37189,44.49859],[-117.37153,44.4979],[-117.36799,44.494],[-117.3629,44.4873],[-117.36067,44.48472],[-117.35976,44.48428],[-117.35873,44.48405],[-117.3491,44.48358],[-117.34801,44.48329],[-117.34668,44.48224],[-117.34601,44.48076],[-117.34465,44.47656],[-117.34404,44.47544],[-117.34318,44.47453],[-117.33768,44.4698],[-117.33694,44.46883],[-117.33664,44.46776],[-117.33667,44.46358],[-117.3364,44.4626],[-117.33581,44.46192],[-117.33132,44.45886],[-117.33004,44.45731],[-117.32958,44.45595],[-117.32959,44.45485],[-117.32988,44.45386],[-117.33189,44.44983],[-117.33195,44.4491],[-117.33177,44.44848],[-117.33117,44.44769],[-117.32789,44.44552],[-117.32693,44.44461],[-117.32654,44.44391],[-117.32385,44.43692],[-117.32275,44.43565],[-117.31651,44.4296],[-117.31063,44.41929],[-117.31024,44.41838],[-117.30849,44.4112],[-117.30875,44.41029],[-117.31099,44.40713],[-117.3112,44.40611],[-117.31108,44.40556],[-117.31056,44.40474],[-117.30788,44.40283],[-117.30754,44.40247],[-117.30725,44.40178],[-117.30668,44.38376],[-117.30647,44.38293],[-117.30609,44.38247],[-117.30533,44.382],[-117.30113,44.38075],[-117.30019,44.38031],[-117.29472,44.37487],[-117.29369,44.3743],[-117.28953,44.37274],[-117.28852,44.37213],[-117.28781,44.37113],[-117.28724,44.36748],[-117.28683,44.36639],[-117.2849,44.36456],[-117.28399,44.36391],[-117.27855,44.36151],[-117.27738,44.36067],[-117.27638,44.35954],[-117.2738,44.35442],[-117.27277,44.35335],[-117.27135,44.35257],[-117.27004,44.3522],[-117.26869,44.35205],[-117.26675,44.35212]]}},{"type":"Feature","properties":{"valuation":"6","line":"","operator":"Oregon-Washington Railroad & Navigation Company","operator_as_printed":"O.W. R.&N.","nara_bundle":"867","nara_vs":"006","from_terminus":"Biggs","to_terminus":"Shaniko","successor":"Union Pacific system","extent_confidence":"high","uncertainty_notes":"","manual_addition":false,"source_map":"1512323_001_001_Oregon_Washington_Railroad_and_Navigation_Company.jpg (same base also on Central RR and SP&S/SV/Mt Hood sheets)","ref_1964_sp_index":"","geometry_unmatched":false,"id":34,"nara_rrname":"Oregon Washington","nara_otherrr":"","nara_state":"OR","section_tag":"OWR&N-6","filed_under":"Oregon Washington"},"geometry":{"type":"LineString","coordinates":[[-120.83461,45.66982],[-120.83091,45.66883],[-120.82777,45.66824],[-120.82709,45.66797],[-120.82607,45.66725],[-120.82404,45.66673],[-120.82348,45.66638],[-120.82286,45.66542],[-120.82228,45.66356],[-120.82127,45.66253],[-120.82108,45.66127],[-120.82001,45.65914],[-120.81982,45.65762],[-120.81934,45.6571],[-120.81716,45.65563],[-120.81646,45.65498],[-120.81622,45.65437],[-120.81648,45.65229],[-120.81632,45.65107],[-120.8159,45.65031],[-120.81516,45.64969],[-120.81279,45.64896],[-120.80849,45.64691],[-120.80732,45.64658],[-120.80554,45.6467],[-120.80333,45.64769],[-120.80139,45.64739],[-120.80026,45.64769],[-120.7986,45.64771],[-120.797,45.64793],[-120.79586,45.64766],[-120.79419,45.64635],[-120.79323,45.64596],[-120.79025,45.64542],[-120.78928,45.64509],[-120.78858,45.64446],[-120.78787,45.6434],[-120.78631,45.64296],[-120.78573,45.64263],[-120.78429,45.6409],[-120.78132,45.6393],[-120.78085,45.63885],[-120.78006,45.63748],[-120.7783,45.63636],[-120.77668,45.6358],[-120.77455,45.63568],[-120.76922,45.63479],[-120.76673,45.63325],[-120.76352,45.63093],[-120.75992,45.62796],[-120.75602,45.62655],[-120.75242,45.62605],[-120.75007,45.62538],[-120.74531,45.62214],[-120.74394,45.62147],[-120.74068,45.62044],[-120.73944,45.61983],[-120.73807,45.61865],[-120.73615,45.61561],[-120.73527,45.61471],[-120.73389,45.61395],[-120.73122,45.61301],[-120.72985,45.61234],[-120.71984,45.6055],[-120.71742,45.60429],[-120.71157,45.6019],[-120.71025,45.60121],[-120.70896,45.60016],[-120.70091,45.59207],[-120.69875,45.59059],[-120.69736,45.58985],[-120.68342,45.58399],[-120.68091,45.58325],[-120.67476,45.58196],[-120.67245,45.58175],[-120.66365,45.58197],[-120.65703,45.58362],[-120.65542,45.58373],[-120.65286,45.58311],[-120.64893,45.5807],[-120.64815,45.58045],[-120.64719,45.5804],[-120.64499,45.58081],[-120.64404,45.58078],[-120.64272,45.58041],[-120.63749,45.57798],[-120.62929,45.5773],[-120.62768,45.57744],[-120.6265,45.57781],[-120.61786,45.58186],[-120.61586,45.58241],[-120.61355,45.58267],[-120.61134,45.58256],[-120.60999,45.58235],[-120.60825,45.58164],[-120.60776,45.58127],[-120.60701,45.58029],[-120.60077,45.56726],[-120.60034,45.56599],[-120.59914,45.55569],[-120.59936,45.55496],[-120.60092,45.55362],[-120.60147,45.55294],[-120.60155,45.5525],[-120.60138,45.55159],[-120.60113,45.55112],[-120.59834,45.54809],[-120.59754,45.54699],[-120.59694,45.54582],[-120.59669,45.54472],[-120.59673,45.54153],[-120.59596,45.53866],[-120.5957,45.53815],[-120.59491,45.53758],[-120.59198,45.53636],[-120.5915,45.5357],[-120.59165,45.53504],[-120.59229,45.53456],[-120.597,45.53381],[-120.59901,45.53322],[-120.60069,45.53215],[-120.60171,45.53189],[-120.60288,45.53209],[-120.60341,45.5325],[-120.60424,45.53371],[-120.60465,45.53497],[-120.60524,45.53559],[-120.60797,45.53664],[-120.61198,45.53721],[-120.6138,45.53729],[-120.61668,45.53713],[-120.61977,45.53639],[-120.62063,45.53648],[-120.6216,45.53702],[-120.62279,45.53855],[-120.62354,45.53897],[-120.62451,45.53919],[-120.62557,45.53921],[-120.63077,45.53871],[-120.63267,45.5388],[-120.63756,45.53815],[-120.64087,45.53788],[-120.64367,45.53722],[-120.6451,45.53665],[-120.64608,45.53587],[-120.6479,45.53347],[-120.65075,45.5311],[-120.6514,45.53039],[-120.65188,45.52921],[-120.65215,45.52712],[-120.65264,45.52587],[-120.65355,45.52475],[-120.65519,45.52329],[-120.65641,45.52289],[-120.65791,45.52297],[-120.65836,45.52314],[-120.66052,45.5247],[-120.66169,45.52483],[-120.66238,45.52462],[-120.66633,45.52206],[-120.66982,45.52104],[-120.67038,45.52053],[-120.67194,45.5184],[-120.67405,45.51642],[-120.67501,45.51596],[-120.67762,45.51542],[-120.68146,45.51369],[-120.68206,45.51284],[-120.68335,45.50924],[-120.68472,45.50763],[-120.68551,45.50702],[-120.68709,45.50632],[-120.69588,45.50371],[-120.70243,45.50158],[-120.70327,45.50118],[-120.70409,45.5003],[-120.70679,45.4961],[-120.70828,45.49484],[-120.72128,45.48721],[-120.72766,45.48367],[-120.73642,45.4794],[-120.73765,45.47808],[-120.7385,45.47491],[-120.73921,45.47372],[-120.74073,45.4725],[-120.74149,45.47208],[-120.74338,45.47183],[-120.74437,45.47147],[-120.74565,45.47033],[-120.74612,45.46957],[-120.74947,45.45612],[-120.74987,45.45509],[-120.75115,45.4535],[-120.75228,45.45274],[-120.75368,45.4523],[-120.76036,45.45195],[-120.76745,45.45028],[-120.76995,45.44927],[-120.77061,45.44866],[-120.77149,45.44738],[-120.77198,45.4451],[-120.77229,45.4445],[-120.77413,45.44158],[-120.77572,45.43979],[-120.78178,45.43595],[-120.79301,45.42963],[-120.79905,45.42371],[-120.7995,45.42319],[-120.80003,45.42215],[-120.80063,45.41949],[-120.80066,45.41907],[-120.80039,45.41832],[-120.79954,45.41765],[-120.79884,45.41733],[-120.79526,45.41626],[-120.79408,45.41574],[-120.79315,45.41481],[-120.7929,45.41368],[-120.79332,45.41264],[-120.79397,45.4121],[-120.79679,45.41142],[-120.79778,45.41096],[-120.79856,45.41036],[-120.80078,45.40701],[-120.80262,45.40595],[-120.80341,45.40518],[-120.80361,45.4043],[-120.80354,45.40383],[-120.80316,45.40286],[-120.79312,45.38438],[-120.79223,45.38329],[-120.79021,45.38171],[-120.78965,45.38059],[-120.7897,45.38001],[-120.78999,45.37941],[-120.7908,45.3787],[-120.79201,45.37827],[-120.79467,45.37804],[-120.79581,45.37749],[-120.79874,45.37512],[-120.79914,45.37433],[-120.79909,45.37343],[-120.79877,45.37288],[-120.79816,45.37239],[-120.79476,45.37087],[-120.79442,45.3704],[-120.79385,45.36871],[-120.79327,45.3681],[-120.79044,45.36668],[-120.78695,45.36367],[-120.78659,45.36279],[-120.78702,45.35991],[-120.78689,45.35258],[-120.78658,45.35169],[-120.78456,45.34774],[-120.78403,45.34705],[-120.78352,45.34671],[-120.77725,45.3438],[-120.77543,45.34314],[-120.77486,45.34269],[-120.7746,45.34224],[-120.77447,45.34067],[-120.77415,45.34005],[-120.76699,45.32932],[-120.76607,45.32712],[-120.7657,45.32546],[-120.76263,45.30398],[-120.76233,45.30269],[-120.76133,45.30085],[-120.76053,45.29989],[-120.75948,45.29903],[-120.73359,45.27854],[-120.73257,45.27788],[-120.73119,45.27732],[-120.72942,45.27694],[-120.7074,45.27315],[-120.70448,45.2725],[-120.70322,45.2719],[-120.70271,45.27149],[-120.69839,45.26689],[-120.69198,45.26293],[-120.69078,45.26246],[-120.68716,45.2621],[-120.68585,45.26158],[-120.68487,45.26064],[-120.68281,45.25776],[-120.68193,45.25437],[-120.68165,45.25378],[-120.68071,45.25282],[-120.67879,45.25151],[-120.67785,45.2503],[-120.67544,45.23922],[-120.67539,45.23837],[-120.67558,45.23706],[-120.67761,45.23069],[-120.67778,45.22965],[-120.67743,45.22807],[-120.67637,45.22589],[-120.67587,45.22416],[-120.67506,45.21988],[-120.67503,45.21837],[-120.67523,45.21731],[-120.68133,45.20328],[-120.68197,45.2025],[-120.6829,45.20174],[-120.68566,45.20034],[-120.68647,45.19968],[-120.69411,45.18784],[-120.69509,45.18387],[-120.69514,45.1719],[-120.69496,45.17088],[-120.69427,45.16979],[-120.68093,45.15615],[-120.68006,45.15504],[-120.66819,45.12849],[-120.66812,45.12758],[-120.66826,45.12674],[-120.66949,45.12394],[-120.67018,45.12187],[-120.67046,45.11923],[-120.67021,45.1186],[-120.66975,45.11806],[-120.6673,45.11647],[-120.66662,45.11584],[-120.66599,45.11476],[-120.66585,45.11399],[-120.66598,45.11336],[-120.66635,45.11273],[-120.66838,45.11116],[-120.66963,45.10965],[-120.67011,45.1083],[-120.67005,45.10477],[-120.67018,45.10408],[-120.67064,45.10335],[-120.67353,45.10044],[-120.67393,45.09974],[-120.67394,45.09927],[-120.67371,45.09875],[-120.67257,45.09735],[-120.67258,45.09685],[-120.67325,45.09575],[-120.67336,45.09514],[-120.67279,45.09336],[-120.67281,45.08846],[-120.67213,45.08616],[-120.67215,45.0854],[-120.67407,45.08202],[-120.67419,45.08152],[-120.67396,45.08017],[-120.67408,45.07942],[-120.6746,45.07876],[-120.67586,45.07765],[-120.67724,45.07531],[-120.67805,45.07481],[-120.68063,45.07439],[-120.68189,45.07392],[-120.6828,45.07318],[-120.68316,45.07247],[-120.68327,45.07183],[-120.68294,45.0708],[-120.67086,45.04978],[-120.6704,45.0478],[-120.67068,45.04572],[-120.67125,45.04447],[-120.67227,45.04312],[-120.67369,45.04192],[-120.67625,45.04019],[-120.67717,45.03917],[-120.67772,45.03809],[-120.67992,45.03102],[-120.68072,45.02992],[-120.68135,45.02951],[-120.68258,45.02912],[-120.69314,45.02777],[-120.69469,45.02727],[-120.69535,45.02681],[-120.69598,45.02587],[-120.69714,45.02157],[-120.69758,45.02097],[-120.6983,45.0205],[-120.69997,45.02003],[-120.70082,45.01998],[-120.70188,45.02015],[-120.70316,45.02079],[-120.70529,45.02282],[-120.70688,45.02374],[-120.70847,45.0243],[-120.71244,45.02517],[-120.7135,45.02533],[-120.7143,45.02527],[-120.71619,45.02473],[-120.71736,45.02467],[-120.72039,45.02582],[-120.72166,45.02611],[-120.72303,45.02619],[-120.72486,45.02592],[-120.72605,45.02523],[-120.72672,45.0244],[-120.72693,45.02343],[-120.72691,45.02155],[-120.72706,45.02118],[-120.72764,45.02057],[-120.74826,45.01036],[-120.7492,45.00956],[-120.75007,45.00829],[-120.7504,45.00732],[-120.75043,45.00371]]}},{"type":"Feature","properties":{"valuation":"7","line":"","operator":"Oregon-Washington Railroad & Navigation Company","operator_as_printed":"O.W. R.&N.","nara_bundle":"867","nara_vs":"007","from_terminus":"","to_terminus":"Condon","successor":"Union Pacific system","extent_confidence":"medium","uncertainty_notes":"Extent confidence medium in section table. Main-line junction not named on 1916 map. Main-line junction unnamed on 1916 map; drawn from Arlington.","manual_addition":false,"source_map":"1512323_001_001_Oregon_Washington_Railroad_and_Navigation_Company.jpg (same base also on Central RR and SP&S/SV/Mt Hood sheets)","ref_1964_sp_index":"","geometry_unmatched":false,"id":35,"nara_rrname":"Oregon Washington","nara_otherrr":"","nara_state":"OR","section_tag":"OWR&N-7","filed_under":"Oregon Washington"},"geometry":{"type":"LineString","coordinates":[[-120.2001,45.71595],[-120.19779,45.71444],[-120.17997,45.7048],[-120.17916,45.70417],[-120.17487,45.69991],[-120.16806,45.69637],[-120.16631,45.69519],[-120.16433,45.69324],[-120.16309,45.69109],[-120.16259,45.68924],[-120.16192,45.67728],[-120.16238,45.67576],[-120.16672,45.6673],[-120.16716,45.66606],[-120.16728,45.66366],[-120.16723,45.65427],[-120.16819,45.64812],[-120.16874,45.63512],[-120.16917,45.63315],[-120.17014,45.63113],[-120.17096,45.62999],[-120.17215,45.62874],[-120.18888,45.61483],[-120.19082,45.61393],[-120.19845,45.6118],[-120.20334,45.61102],[-120.20497,45.61102],[-120.23428,45.61496],[-120.23667,45.61511],[-120.26991,45.61091],[-120.27228,45.61029],[-120.27355,45.60972],[-120.28505,45.60212],[-120.28644,45.60088],[-120.28754,45.5995],[-120.28805,45.5981],[-120.28954,45.59175],[-120.29186,45.584],[-120.29254,45.58261],[-120.29396,45.58068],[-120.29454,45.57958],[-120.2948,45.57556],[-120.29611,45.57248],[-120.2969,45.5677],[-120.29649,45.56659],[-120.29273,45.56538],[-120.2884,45.56463],[-120.28753,45.5642],[-120.287,45.5637],[-120.28665,45.562],[-120.28609,45.56098],[-120.28398,45.55977],[-120.2736,45.55499],[-120.27282,45.55396],[-120.27246,45.55303],[-120.27194,45.55225],[-120.27106,45.55159],[-120.26713,45.54985],[-120.26641,45.54912],[-120.26608,45.54844],[-120.26533,45.54243],[-120.26556,45.54131],[-120.26615,45.5401],[-120.26797,45.53765],[-120.26823,45.53678],[-120.26823,45.53607],[-120.268,45.5353],[-120.26413,45.531],[-120.25805,45.5265],[-120.25662,45.52488],[-120.25366,45.52063],[-120.25288,45.51498],[-120.25298,45.51405],[-120.25356,45.51204],[-120.25275,45.51051],[-120.24992,45.50799],[-120.24904,45.50756],[-120.24807,45.50646],[-120.24671,45.50333],[-120.24381,45.49985],[-120.24309,45.4987],[-120.23829,45.48211],[-120.23713,45.47856],[-120.23729,45.47546],[-120.23674,45.47418],[-120.2329,45.46758],[-120.23143,45.45941],[-120.231,45.45843],[-120.22977,45.45747],[-120.22847,45.45692],[-120.22503,45.45662],[-120.22237,45.45591],[-120.22143,45.4553],[-120.22101,45.45477],[-120.219,45.44924],[-120.21891,45.44255],[-120.21875,45.44131],[-120.21832,45.44044],[-120.21719,45.43889],[-120.21664,45.4374],[-120.21658,45.43482],[-120.2169,45.43258],[-120.21685,45.42607],[-120.21646,45.42545],[-120.21584,45.4249],[-120.21483,45.42467],[-120.20874,45.42392],[-120.2069,45.42348],[-120.20477,45.42208],[-120.2014,45.41921],[-120.2004,45.41885],[-120.19912,45.41878],[-120.19827,45.41902],[-120.19576,45.42039],[-120.19381,45.42105],[-120.19144,45.42122],[-120.18941,45.42088],[-120.18849,45.42054],[-120.18703,45.4196],[-120.18344,45.41577],[-120.18195,45.41444],[-120.18124,45.41404],[-120.1803,45.4138],[-120.17618,45.41322],[-120.17465,45.41242],[-120.17336,45.41135],[-120.17264,45.41096],[-120.1717,45.41071],[-120.17047,45.41078],[-120.16943,45.41125],[-120.16726,45.4127],[-120.1655,45.41335],[-120.16339,45.41351],[-120.16239,45.41335],[-120.16106,45.413],[-120.15937,45.41211],[-120.1548,45.40731],[-120.1543,45.40646],[-120.15393,45.40517],[-120.15385,45.40267],[-120.15339,45.4018],[-120.1498,45.39734],[-120.1463,45.39447],[-120.14564,45.39372],[-120.14333,45.3889],[-120.14205,45.38782],[-120.14042,45.38691],[-120.13894,45.38367],[-120.13868,45.38232],[-120.13894,45.38131],[-120.14485,45.37593],[-120.14563,45.37465],[-120.14583,45.37259],[-120.14567,45.37197],[-120.14506,45.37136],[-120.14409,45.3709],[-120.14046,45.36973],[-120.13983,45.36932],[-120.13938,45.36866],[-120.1393,45.36776],[-120.14006,45.36621],[-120.14014,45.36515],[-120.13808,45.35901],[-120.13808,45.35798],[-120.13846,45.357],[-120.14049,45.35492],[-120.14124,45.35355],[-120.1444,45.28359],[-120.15204,45.26744],[-120.16215,45.25923],[-120.16393,45.25873],[-120.175,45.25764],[-120.17571,45.25746],[-120.17694,45.25675],[-120.17749,45.25611],[-120.17772,45.25552],[-120.17728,45.25261],[-120.1775,45.25152],[-120.18378,45.24007],[-120.18378,45.23815]]}},{"type":"Feature","properties":{"valuation":"8","line":"","operator":"Oregon-Washington Railroad & Navigation Company","operator_as_printed":"O.W. R.&N.","nara_bundle":"867","nara_vs":"008","from_terminus":"Heppner Jct.","to_terminus":"Heppner","successor":"Union Pacific system","extent_confidence":"high","uncertainty_notes":"","manual_addition":false,"source_map":"1512323_001_001_Oregon_Washington_Railroad_and_Navigation_Company.jpg (same base also on Central RR and SP&S/SV/Mt Hood sheets)","ref_1964_sp_index":"","geometry_unmatched":false,"id":36,"nara_rrname":"Oregon Washington","nara_otherrr":"","nara_state":"OR","section_tag":"OWR&N-8","filed_under":"Oregon Washington"},"geometry":{"type":"LineString","coordinates":[[-119.9414,45.82081],[-119.94916,45.82032],[-119.95537,45.82027],[-119.95882,45.81996],[-119.96045,45.81966],[-119.96991,45.81685],[-119.97354,45.81529],[-119.9753,45.8142],[-119.97824,45.81193],[-119.98028,45.81089],[-119.99084,45.80805],[-120.00356,45.80508],[-120.00547,45.80442],[-120.00886,45.80292],[-120.01555,45.79955],[-120.02143,45.79623],[-120.02383,45.79545],[-120.02696,45.79509],[-120.0276,45.79257],[-120.02793,45.79247],[-120.02678,45.79296],[-120.02517,45.79375],[-120.0244,45.79396],[-120.02277,45.79402],[-120.02122,45.79357],[-120.02045,45.79306],[-120.01992,45.79246],[-120.01357,45.78448],[-120.01305,45.78332],[-120.01293,45.78192],[-120.01308,45.7812],[-120.01418,45.77897],[-120.01433,45.77772],[-120.01356,45.77314],[-120.01277,45.77177],[-120.01086,45.77023],[-120.01019,45.7695],[-120.00955,45.76833],[-120.00934,45.76685],[-120.00955,45.76586],[-120.01138,45.76057],[-120.01139,45.75806],[-120.01114,45.75422],[-120.01263,45.75225],[-120.01352,45.75146],[-120.02245,45.74566],[-120.03074,45.73607],[-120.03634,45.73094],[-120.03678,45.73025],[-120.03713,45.72887],[-120.03697,45.71808],[-120.03639,45.71678],[-120.02961,45.7079],[-120.0277,45.70353],[-120.02662,45.69914],[-120.02623,45.69853],[-120.01595,45.69192],[-120.00601,45.68877],[-120.00388,45.68798],[-120.00248,45.68726],[-119.99903,45.68481],[-119.99584,45.68222],[-119.99491,45.68177],[-119.9935,45.68141],[-119.98601,45.68031],[-119.98464,45.67992],[-119.9821,45.67872],[-119.98109,45.67796],[-119.97991,45.67671],[-119.96781,45.65843],[-119.96691,45.65676],[-119.95989,45.63406],[-119.9591,45.62984],[-119.95897,45.61839],[-119.95882,45.61722],[-119.95848,45.61653],[-119.95086,45.60613],[-119.94983,45.60497],[-119.94389,45.60069],[-119.94337,45.5999],[-119.94337,45.59915],[-119.94663,45.59139],[-119.9467,45.59083],[-119.94657,45.59021],[-119.94187,45.57958],[-119.94067,45.57314],[-119.93968,45.57219],[-119.93874,45.57174],[-119.93455,45.57083],[-119.93361,45.57018],[-119.93327,45.56952],[-119.93339,45.56486],[-119.93322,45.56423],[-119.93281,45.56359],[-119.9291,45.56114],[-119.92449,45.55929],[-119.92316,45.55845],[-119.92215,45.55726],[-119.9211,45.55493],[-119.92037,45.55227],[-119.92037,45.55134],[-119.92073,45.55033],[-119.92129,45.54958],[-119.92241,45.5487],[-119.92365,45.54823],[-119.92442,45.54812],[-119.92893,45.54811],[-119.93183,45.5474],[-119.93294,45.54683],[-119.93406,45.5459],[-119.93462,45.54515],[-119.93472,45.54461],[-119.93466,45.54408],[-119.934,45.54327],[-119.93286,45.54273],[-119.93213,45.54265],[-119.93116,45.54261],[-119.9299,45.54281],[-119.92535,45.54444],[-119.92473,45.54453],[-119.92382,45.54441],[-119.92284,45.54399],[-119.92226,45.54344],[-119.92202,45.54291],[-119.92198,45.53891],[-119.92164,45.53824],[-119.92005,45.53628],[-119.91949,45.53516],[-119.9194,45.53458],[-119.91998,45.53334],[-119.92264,45.53077],[-119.92286,45.53015],[-119.92275,45.52937],[-119.92123,45.52743],[-119.91198,45.51659],[-119.90297,45.511],[-119.90162,45.50996],[-119.89475,45.50372],[-119.89384,45.50331],[-119.89224,45.50294],[-119.87998,45.50041],[-119.8666,45.49664],[-119.86501,45.49657],[-119.83319,45.50172],[-119.81193,45.5025],[-119.80901,45.50231],[-119.80629,45.5019],[-119.77865,45.49665],[-119.77352,45.49504],[-119.76587,45.49428],[-119.76231,45.49356],[-119.76083,45.49238],[-119.7598,45.49033],[-119.74057,45.47048],[-119.73898,45.46927],[-119.73632,45.46786],[-119.718,45.46139],[-119.71166,45.45637],[-119.69142,45.44442],[-119.69006,45.44389],[-119.66904,45.4384],[-119.65392,45.43102],[-119.65212,45.4299],[-119.64473,45.42289],[-119.63738,45.41829],[-119.63543,45.41668],[-119.62656,45.40802],[-119.62566,45.40732],[-119.61339,45.3999],[-119.61237,45.3991],[-119.60652,45.39256],[-119.60494,45.39126],[-119.59629,45.38652],[-119.58545,45.37542],[-119.58146,45.37247],[-119.57944,45.37144],[-119.56905,45.36887],[-119.55549,45.36053]]}},{"type":"Feature","properties":{"valuation":"9","line":"","operator":"Oregon-Washington Railroad & Navigation Company","operator_as_printed":"O.W. R.&N.","nara_bundle":"867","nara_vs":"009","from_terminus":"Coyote","to_terminus":"Oregon–Washington state line (toward Wallula)","successor":"Union Pacific system","extent_confidence":"medium","uncertainty_notes":"Extent confidence medium in section table. Includes Umatilla; leader also touches Umatilla–Hinkle connection. Coyote location approximate; Coyote–Umatilla river line drawn through Irrigon.","manual_addition":false,"source_map":"1512323_001_001_Oregon_Washington_Railroad_and_Navigation_Company.jpg (same base also on Central RR and SP&S/SV/Mt Hood sheets)","ref_1964_sp_index":"","geometry_unmatched":true,"id":37,"nara_rrname":"Oregon Washington","nara_otherrr":"","nara_state":"OR","section_tag":"OWR&N-9","filed_under":"Oregon Washington"},"geometry":{"type":"LineString","coordinates":[[-119.55,45.835],[-119.49,45.896],[-119.49588,45.89516],[-119.47138,45.89939],[-119.44203,45.90617],[-119.4383,45.90682],[-119.37598,45.91304],[-119.35676,45.91583],[-119.34766,45.9181],[-119.29386,45.92527],[-119.29303,45.92546],[-119.2916,45.92621],[-119.27956,45.92869],[-119.27819,45.92924],[-119.27531,45.92988],[-119.2726,45.9298],[-119.27159,45.9301],[-119.27033,45.93106],[-119.27001,45.93112],[-119.26518,45.93113],[-119.26043,45.9306],[-119.25797,45.93053],[-119.25308,45.92986],[-119.24963,45.92975],[-119.24307,45.92918],[-119.23551,45.92729],[-119.23447,45.92691],[-119.2321,45.92658],[-119.22869,45.92558],[-119.22741,45.92494],[-119.22171,45.92342],[-119.21917,45.92214],[-119.21789,45.92208],[-119.21407,45.92234],[-119.21231,45.92199],[-119.20832,45.92076],[-119.19957,45.91945],[-119.18695,45.91923],[-119.18218,45.91959],[-119.17761,45.92039],[-119.17624,45.92013],[-119.17562,45.91957],[-119.1753,45.91898],[-119.17573,45.91793],[-119.17704,45.91668],[-119.17753,45.91572],[-119.1774,45.91516],[-119.17635,45.91417],[-119.16897,45.90968],[-119.16671,45.90848],[-119.16483,45.9083],[-119.16347,45.9086],[-119.16167,45.90933],[-119.15684,45.91501],[-119.15508,45.91605],[-119.13099,45.92004],[-119.12777,45.92151],[-119.12106,45.91899],[-119.11885,45.92008],[-119.10016,45.92768],[-119.09803,45.92871],[-119.06582,45.94657],[-119.06244,45.9493],[-119.0609,45.95026],[-119.04827,45.95485],[-119.03964,45.95743],[-119.03285,45.95991],[-119.02351,45.96285],[-119.01379,45.96715],[-119.01165,45.96831],[-119.00456,45.97283],[-118.99722,45.97758],[-118.9954,45.97899],[-118.99326,45.98124],[-118.98346,45.99412],[-118.98171,45.99597],[-118.98031,45.99716]]}},{"type":"Feature","properties":{"valuation":"10","line":"","operator":"Oregon-Washington Railroad & Navigation Company","operator_as_printed":"O.W. R.&N.","nara_bundle":"867","nara_vs":"010","from_terminus":"Hinkle","to_terminus":"Pendleton","successor":"Union Pacific system","extent_confidence":"low","uncertainty_notes":"Extent confidence low in section table. Leaders unclear; may overlap O.W. 4. Drawn on the same alignment as O.W. R.&N. 4 Hinkle–Pendleton.","manual_addition":false,"source_map":"1512323_001_001_Oregon_Washington_Railroad_and_Navigation_Company.jpg (same base also on Central RR and SP&S/SV/Mt Hood sheets)","ref_1964_sp_index":"","geometry_unmatched":false,"id":38,"nara_rrname":"Oregon Washington","nara_otherrr":"","nara_state":"OR","section_tag":"OWR&N-10","filed_under":"Oregon Washington"},"geometry":{"type":"LineString","coordinates":[[-119.29698,45.80814],[-119.30005,45.80102],[-119.30021,45.8003],[-119.30009,45.79962],[-119.29964,45.79888],[-119.29881,45.79822],[-119.2979,45.79785],[-119.29613,45.79763],[-119.28095,45.79722],[-119.27048,45.79863],[-119.2629,45.79795],[-119.26138,45.7975],[-119.25447,45.79476],[-119.25155,45.79385],[-119.23954,45.79077],[-119.23579,45.78869],[-119.23226,45.78732],[-119.23084,45.78659],[-119.22743,45.78401],[-119.22127,45.77875],[-119.21224,45.76547],[-119.21157,45.76388],[-119.21084,45.76111],[-119.21118,45.75295],[-119.21085,45.75152],[-119.21023,45.75048],[-119.20889,45.74928],[-119.20697,45.74833],[-119.2051,45.7479],[-119.20139,45.74773],[-119.19996,45.74751],[-119.19812,45.7469],[-119.19659,45.74597],[-119.17862,45.72575],[-119.17794,45.72482],[-119.1765,45.72205],[-119.17547,45.721],[-119.17459,45.72052],[-119.17313,45.7201],[-119.16531,45.71999],[-119.16397,45.71972],[-119.16274,45.71917],[-119.16179,45.71843],[-119.1526,45.7096],[-119.14967,45.70623],[-119.14854,45.70547],[-119.13835,45.70023],[-119.13669,45.69922],[-119.13418,45.69724],[-119.1306,45.69367],[-119.12908,45.69261],[-119.12662,45.69165],[-119.12432,45.69129],[-119.11119,45.69184],[-119.10941,45.69172],[-119.10781,45.69129],[-119.10643,45.69059],[-119.10553,45.68983],[-119.10248,45.68565],[-119.10125,45.68439],[-119.09988,45.68339],[-119.09844,45.68258],[-119.09135,45.67931],[-119.08103,45.67299],[-119.07863,45.67198],[-119.07621,45.67124],[-119.0733,45.67064],[-119.07086,45.67037],[-119.06141,45.67028],[-119.05951,45.67065],[-119.04725,45.67433],[-119.03152,45.67655],[-119.02887,45.67657],[-119.02636,45.67593],[-119.02509,45.67527],[-119.02406,45.67446],[-119.02297,45.6729],[-119.02185,45.66904],[-119.02111,45.66768],[-119.0199,45.66645],[-119.01885,45.66574],[-119.01746,45.66509],[-119.01587,45.6646],[-119.01362,45.66436],[-119.01141,45.66458],[-119.00931,45.66529],[-119.00646,45.66688],[-119.00528,45.66737],[-119.00278,45.66786],[-119.00111,45.66784],[-118.99887,45.66738],[-118.98403,45.66177],[-118.98183,45.66109],[-118.97939,45.66065],[-118.96978,45.65984],[-118.96771,45.65943],[-118.96588,45.6588],[-118.95683,45.6547],[-118.95482,45.65406],[-118.91175,45.65148],[-118.90914,45.65172],[-118.90768,45.65221],[-118.90673,45.65272],[-118.9059,45.65337],[-118.8999,45.65936],[-118.89884,45.66009],[-118.89708,45.66079],[-118.89437,45.66109],[-118.89228,45.66077],[-118.89088,45.66026],[-118.88484,45.657],[-118.88257,45.6565],[-118.88056,45.65664],[-118.8792,45.65703],[-118.83979,45.67245],[-118.83615,45.67336],[-118.83378,45.67358],[-118.82551,45.67366],[-118.82238,45.67354],[-118.81994,45.67325],[-118.81698,45.6727],[-118.81416,45.67194],[-118.8027,45.66806],[-118.79522,45.66709],[-118.79352,45.66712],[-118.79189,45.66742],[-118.78536,45.66942],[-118.7855,45.67001]]}},{"type":"Feature","properties":{"valuation":"11","line":"","operator":"Oregon-Washington Railroad & Navigation Company","operator_as_printed":"O.W. R.&N.","nara_bundle":"867","nara_vs":"011","from_terminus":"Pendleton","to_terminus":"Pilot Rock","successor":"Union Pacific system","extent_confidence":"high","uncertainty_notes":"","manual_addition":false,"source_map":"1512323_001_001_Oregon_Washington_Railroad_and_Navigation_Company.jpg (same base also on Central RR and SP&S/SV/Mt Hood sheets)","ref_1964_sp_index":"","geometry_unmatched":false,"id":39,"nara_rrname":"Oregon Washington","nara_otherrr":"","nara_state":"OR","section_tag":"OWR&N-11","filed_under":"Oregon Washington"},"geometry":{"type":"LineString","coordinates":[[-118.7855,45.67001],[-118.78536,45.66942],[-118.79189,45.66742],[-118.79352,45.66712],[-118.79522,45.66709],[-118.8027,45.66806],[-118.81416,45.67194],[-118.81698,45.6727],[-118.81994,45.67325],[-118.82238,45.67354],[-118.82551,45.67366],[-118.83378,45.67358],[-118.83615,45.67336],[-118.83979,45.67245],[-118.87079,45.66033],[-118.87153,45.65993],[-118.87323,45.65751],[-118.87664,45.65484],[-118.87705,45.65423],[-118.87708,45.65331],[-118.87676,45.65271],[-118.86867,45.64539],[-118.86743,45.64336],[-118.86512,45.64074],[-118.86468,45.63999],[-118.86206,45.63363],[-118.86162,45.63295],[-118.86079,45.63214],[-118.85974,45.63145],[-118.85079,45.62765],[-118.84567,45.6249],[-118.84188,45.62361],[-118.84067,45.62292],[-118.83416,45.61625],[-118.83161,45.61312],[-118.82721,45.61106],[-118.82644,45.6104],[-118.82044,45.60391],[-118.81965,45.60278],[-118.81176,45.58687],[-118.81146,45.58559],[-118.8107,45.57693],[-118.81049,45.57623],[-118.80979,45.57549],[-118.80451,45.57196],[-118.80337,45.57097],[-118.80248,45.56969],[-118.80188,45.56828],[-118.79889,45.55598],[-118.79863,45.55366],[-118.79858,45.54628],[-118.79882,45.54571],[-118.80051,45.54404],[-118.80084,45.54345],[-118.80142,45.54126],[-118.80153,45.54006],[-118.80135,45.53564],[-118.80091,45.53382],[-118.79888,45.52745],[-118.79897,45.52632],[-118.79917,45.52589],[-118.79975,45.52529],[-118.80133,45.52398],[-118.80197,45.52243],[-118.80259,45.52188],[-118.80728,45.51996],[-118.81126,45.51906],[-118.81269,45.51835],[-118.81364,45.51766],[-118.81899,45.51266],[-118.81972,45.51181],[-118.82088,45.50955],[-118.8243,45.50514],[-118.8287,45.49988],[-118.83025,45.49753],[-118.83108,45.49588],[-118.83185,45.4936],[-118.83306,45.48807],[-118.83412,45.48592]]}},{"type":"Feature","properties":{"valuation":"12","line":"","operator":"Oregon-Washington Railroad & Navigation Company","operator_as_printed":"O.W. R.&N.","nara_bundle":"867","nara_vs":"012","from_terminus":"Pendleton","to_terminus":"Oregon–Washington state line (toward Walla Walla)","successor":"Union Pacific system","extent_confidence":"high","uncertainty_notes":"Via Athena. Section continues into Washington.","manual_addition":false,"source_map":"1512323_001_001_Oregon_Washington_Railroad_and_Navigation_Company.jpg (same base also on Central RR and SP&S/SV/Mt Hood sheets)","ref_1964_sp_index":"","geometry_unmatched":false,"id":40,"nara_rrname":"Oregon Washington","nara_otherrr":"","nara_state":"OR","section_tag":"OWR&N-12","filed_under":"Oregon Washington"},"geometry":{"type":"LineString","coordinates":[[-118.7855,45.67001],[-118.78354,45.67059],[-118.78147,45.67063],[-118.77452,45.67285],[-118.77262,45.67379],[-118.76693,45.67742],[-118.76544,45.67857],[-118.76073,45.68103],[-118.75734,45.68205],[-118.75206,45.6825],[-118.75098,45.68277],[-118.74599,45.68545],[-118.73933,45.68769],[-118.73712,45.68908],[-118.73684,45.69043],[-118.73616,45.6916],[-118.73487,45.69254],[-118.73188,45.69634],[-118.73086,45.69705],[-118.70239,45.71201],[-118.68267,45.72115],[-118.68052,45.72179],[-118.67858,45.72189],[-118.6763,45.72169],[-118.67133,45.72041],[-118.66822,45.72027],[-118.66639,45.72062],[-118.66503,45.72105],[-118.65384,45.72681],[-118.65235,45.72731],[-118.64096,45.73001],[-118.63966,45.73048],[-118.6338,45.73341],[-118.6309,45.73428],[-118.62755,45.73466],[-118.62256,45.73485],[-118.62046,45.73528],[-118.61917,45.73585],[-118.61677,45.73765],[-118.61502,45.73836],[-118.61118,45.73903],[-118.61047,45.73937],[-118.60798,45.74128],[-118.60633,45.74164],[-118.60132,45.74201],[-118.58997,45.74544],[-118.58651,45.74679],[-118.57053,45.75523],[-118.56617,45.7577],[-118.5631,45.76049],[-118.54694,45.77742],[-118.54428,45.7798],[-118.51115,45.80332],[-118.49639,45.80861],[-118.49506,45.80955],[-118.49416,45.81135],[-118.49394,45.81569],[-118.49306,45.81684],[-118.49124,45.81767],[-118.48055,45.81862],[-118.44107,45.83108],[-118.4388,45.83112],[-118.43754,45.83086],[-118.43627,45.83033],[-118.43537,45.82972],[-118.43223,45.82638],[-118.43081,45.82586],[-118.4288,45.82573],[-118.4274,45.82614],[-118.42656,45.82669],[-118.42608,45.82726],[-118.42574,45.82803],[-118.41375,45.86363],[-118.41359,45.86493],[-118.41443,45.86782],[-118.41433,45.86839],[-118.41404,45.86886],[-118.41293,45.86958],[-118.41154,45.86981],[-118.4105,45.86966],[-118.40927,45.86892],[-118.40765,45.86558],[-118.4058,45.86297],[-118.4045,45.85767],[-118.40443,45.85542],[-118.40427,45.85498],[-118.40335,45.85424],[-118.40206,45.85401],[-118.40081,45.85433],[-118.40032,45.85471],[-118.40003,45.85518],[-118.40002,45.85596],[-118.40092,45.85796],[-118.40114,45.86076],[-118.40206,45.86327],[-118.40295,45.86701],[-118.40292,45.87116],[-118.40269,45.87341],[-118.40279,45.87549],[-118.40243,45.87795],[-118.40238,45.88099],[-118.40302,45.88745],[-118.40429,45.89024],[-118.40583,45.89258],[-118.40698,45.89643],[-118.40738,45.90029],[-118.40823,45.902],[-118.40924,45.90313],[-118.40963,45.9043],[-118.41047,45.90573],[-118.41161,45.90645],[-118.42074,45.90961],[-118.42259,45.91163],[-118.42568,45.91401],[-118.42698,45.91523],[-118.43567,45.92177],[-118.4393,45.9241],[-118.43973,45.92455],[-118.44037,45.92595],[-118.44157,45.92734],[-118.44218,45.92833],[-118.44364,45.9298],[-118.44456,45.93109],[-118.44951,45.93645],[-118.45164,45.93788],[-118.45572,45.94213],[-118.4561,45.94281],[-118.45631,45.94379],[-118.45585,45.94471],[-118.45159,45.9494],[-118.45095,45.9499],[-118.44587,45.95197],[-118.44438,45.95226],[-118.44282,45.95224],[-118.44138,45.95195],[-118.40191,45.93974],[-118.40046,45.93943],[-118.39713,45.93921],[-118.39536,45.93882],[-118.39487,45.94064],[-118.39363,45.94153],[-118.39361,45.9432],[-118.39381,45.94374],[-118.3941,45.94398],[-118.39601,45.94415],[-118.39742,45.94495],[-118.39768,45.94541],[-118.39787,45.99488],[-118.3982,45.99614]]}},{"type":"Feature","properties":{"valuation":"13","line":"","operator":"Oregon-Washington Railroad & Navigation Company","operator_as_printed":"O.W. R.&N.","nara_bundle":"867","nara_vs":"013","from_terminus":"La Grande","to_terminus":"Joseph","successor":"Union Pacific system","extent_confidence":"high","uncertainty_notes":"","manual_addition":false,"source_map":"1512323_001_001_Oregon_Washington_Railroad_and_Navigation_Company.jpg (same base also on Central RR and SP&S/SV/Mt Hood sheets)","ref_1964_sp_index":"","geometry_unmatched":false,"id":41,"nara_rrname":"Oregon Washington","nara_otherrr":"","nara_state":"OR","section_tag":"OWR&N-13","filed_under":"Oregon Washington"},"geometry":{"type":"LineString","coordinates":[[-118.08683,45.32574],[-118.08568,45.32659],[-118.05173,45.34104],[-118.05015,45.34139],[-118.04309,45.34137],[-118.04441,45.3442],[-118.00153,45.36257],[-117.99888,45.36404],[-117.99754,45.36499],[-117.99565,45.36666],[-117.9943,45.36823],[-117.99288,45.37056],[-117.99126,45.37485],[-117.95854,45.4641],[-117.95639,45.46747],[-117.93459,45.49735],[-117.93214,45.49986],[-117.9276,45.50392],[-117.92507,45.50674],[-117.92401,45.50847],[-117.92421,45.50948],[-117.92447,45.50994],[-117.92642,45.51064],[-117.92773,45.51207],[-117.92841,45.51349],[-117.92857,45.51426],[-117.92826,45.51494],[-117.92746,45.51549],[-117.92434,45.51594],[-117.92314,45.51632],[-117.92206,45.51693],[-117.92065,45.51832],[-117.91927,45.52063],[-117.91888,45.52187],[-117.91902,45.52269],[-117.92054,45.52445],[-117.92093,45.52523],[-117.9211,45.52608],[-117.92101,45.52694],[-117.91985,45.52974],[-117.91949,45.53287],[-117.9198,45.5335],[-117.92022,45.53384],[-117.92252,45.5345],[-117.92356,45.53521],[-117.9237,45.53575],[-117.9236,45.53656],[-117.92377,45.53711],[-117.92579,45.53934],[-117.92908,45.5444],[-117.92939,45.54583],[-117.92926,45.54683],[-117.9288,45.54793],[-117.91576,45.57011],[-117.91533,45.57159],[-117.91529,45.57248],[-117.91561,45.57492],[-117.91463,45.57862],[-117.91402,45.57941],[-117.91354,45.57973],[-117.90797,45.58248],[-117.90692,45.58353],[-117.90582,45.5902],[-117.9063,45.59497],[-117.90642,45.5969],[-117.90632,45.59752],[-117.90182,45.60942],[-117.90133,45.61004],[-117.90051,45.61063],[-117.89501,45.6123],[-117.89272,45.61326],[-117.88993,45.61531],[-117.88938,45.61627],[-117.88912,45.61769],[-117.88884,45.61821],[-117.88765,45.61932],[-117.88391,45.62222],[-117.88153,45.62569],[-117.88134,45.62679],[-117.88185,45.6291],[-117.88199,45.63225],[-117.88246,45.63268],[-117.88336,45.63296],[-117.88555,45.63255],[-117.8866,45.63293],[-117.88691,45.63342],[-117.88697,45.63387],[-117.88673,45.63716],[-117.88699,45.6379],[-117.88788,45.63891],[-117.88814,45.63951],[-117.8881,45.64007],[-117.88756,45.64099],[-117.88626,45.64213],[-117.88537,45.64244],[-117.8827,45.64264],[-117.88197,45.64285],[-117.88114,45.64342],[-117.88,45.64478],[-117.87683,45.64716],[-117.87616,45.64756],[-117.8733,45.64836],[-117.87277,45.64868],[-117.87231,45.64935],[-117.872,45.65173],[-117.8716,45.65236],[-117.87027,45.65364],[-117.86981,45.65436],[-117.86944,45.65576],[-117.86912,45.65633],[-117.86818,45.65704],[-117.86498,45.65783],[-117.86458,45.65802],[-117.86405,45.6586],[-117.86406,45.65951],[-117.86469,45.66219],[-117.86551,45.66453],[-117.86548,45.66559],[-117.86524,45.66622],[-117.86463,45.66709],[-117.86394,45.66747],[-117.86228,45.66779],[-117.86167,45.66842],[-117.86167,45.66877],[-117.86211,45.66934],[-117.86387,45.6698],[-117.86509,45.67033],[-117.86626,45.67143],[-117.8665,45.6723],[-117.86625,45.67468],[-117.86646,45.67571],[-117.86832,45.67907],[-117.86882,45.68063],[-117.87017,45.68317],[-117.87043,45.68438],[-117.87014,45.68532],[-117.86902,45.68599],[-117.86443,45.68714],[-117.86312,45.68799],[-117.86282,45.68846],[-117.86278,45.68906],[-117.86393,45.69252],[-117.86377,45.69337],[-117.86293,45.69421],[-117.86198,45.69459],[-117.85645,45.69589],[-117.85597,45.69606],[-117.85525,45.69662],[-117.85492,45.69732],[-117.85503,45.69776],[-117.85534,45.69815],[-117.85732,45.69941],[-117.85792,45.70026],[-117.85804,45.70119],[-117.85794,45.70162],[-117.85724,45.70229],[-117.85655,45.7025],[-117.8547,45.70259],[-117.85234,45.70228],[-117.84717,45.70211],[-117.84575,45.70225],[-117.8448,45.70253],[-117.84385,45.70308],[-117.84342,45.70365],[-117.84318,45.7043],[-117.843,45.70595],[-117.84255,45.70676],[-117.84169,45.70737],[-117.83969,45.70791],[-117.83815,45.70952],[-117.83787,45.71004],[-117.83782,45.71385],[-117.83863,45.71603],[-117.83866,45.71645],[-117.8385,45.71706],[-117.83754,45.71807],[-117.83675,45.71872],[-117.83552,45.71936],[-117.82774,45.72126],[-117.8197,45.72185],[-117.81828,45.72169],[-117.81477,45.72044],[-117.81415,45.71993],[-117.81363,45.71884],[-117.8132,45.71848],[-117.81245,45.71823],[-117.81136,45.71834],[-117.80662,45.71944],[-117.80289,45.71973],[-117.80068,45.71958],[-117.79968,45.71991],[-117.79852,45.72077],[-117.79793,45.72099],[-117.7958,45.72132],[-117.79202,45.72257],[-117.79076,45.72316],[-117.78778,45.72534],[-117.78637,45.72573],[-117.78559,45.72566],[-117.78481,45.72536],[-117.78434,45.72499],[-117.78396,45.7244],[-117.7821,45.71804],[-117.7821,45.71656],[-117.78236,45.71558],[-117.78516,45.71233],[-117.78575,45.71054],[-117.78516,45.70865],[-117.7843,45.70797],[-117.78348,45.70756],[-117.78071,45.70651],[-117.77938,45.70542],[-117.77929,45.70511],[-117.77962,45.70047],[-117.77949,45.69977],[-117.77923,45.69942],[-117.77688,45.69827],[-117.77331,45.69742],[-117.77167,45.69678],[-117.77022,45.69579],[-117.76942,45.69488],[-117.76919,45.69431],[-117.76936,45.69358],[-117.7702,45.69235],[-117.77073,45.69194],[-117.77387,45.69058],[-117.77697,45.69031],[-117.77797,45.68978],[-117.77819,45.68935],[-117.77815,45.68893],[-117.77698,45.68618],[-117.77605,45.68524],[-117.77242,45.68301],[-117.77141,45.68274],[-117.769,45.68261],[-117.76819,45.6823],[-117.76766,45.68177],[-117.76719,45.68091],[-117.76678,45.67879],[-117.76654,45.67825],[-117.76313,45.67574],[-117.76258,45.67511],[-117.76233,45.67453],[-117.76229,45.67385],[-117.76244,45.67324],[-117.76332,45.67175],[-117.76343,45.67109],[-117.76332,45.67047],[-117.76225,45.66867],[-117.76137,45.66756],[-117.75928,45.66541],[-117.75617,45.6628],[-117.75569,45.66224],[-117.75549,45.66176],[-117.75546,45.66109],[-117.7556,45.65923],[-117.75596,45.65763],[-117.75562,45.65615],[-117.75534,45.65568],[-117.7543,45.65508],[-117.74739,45.65371],[-117.74413,45.65214],[-117.74264,45.65114],[-117.74158,45.6501],[-117.74091,45.64911],[-117.73896,45.64523],[-117.73818,45.64443],[-117.73726,45.64402],[-117.73655,45.64394],[-117.73581,45.64406],[-117.73409,45.64477],[-117.73285,45.64469],[-117.72786,45.64113],[-117.72715,45.64041],[-117.72663,45.63951],[-117.7264,45.63856],[-117.7264,45.63785],[-117.72677,45.63672],[-117.72736,45.63628],[-117.72809,45.63605],[-117.73078,45.63606],[-117.73176,45.63587],[-117.73249,45.63521],[-117.73336,45.63375],[-117.7335,45.63294],[-117.73342,45.63225],[-117.73248,45.6297],[-117.73193,45.62886],[-117.73115,45.62827],[-117.72999,45.6278],[-117.72492,45.6268],[-117.72338,45.62624],[-117.72234,45.62547],[-117.72029,45.62266],[-117.71927,45.62211],[-117.71573,45.62128],[-117.71289,45.62175],[-117.71188,45.62171],[-117.71122,45.62148],[-117.71053,45.62092],[-117.70937,45.61917],[-117.7082,45.61659],[-117.70768,45.6162],[-117.70671,45.61602],[-117.70597,45.6161],[-117.7052,45.61656],[-117.70383,45.61854],[-117.70296,45.6192],[-117.702,45.61948],[-117.6998,45.61958],[-117.69886,45.6198],[-117.69552,45.62205],[-117.69464,45.62246],[-117.69386,45.6226],[-117.69307,45.62252],[-117.68985,45.62148],[-117.68852,45.62123],[-117.68671,45.62132],[-117.68523,45.62176],[-117.68416,45.62239],[-117.68377,45.62292],[-117.68364,45.62359],[-117.68398,45.62558],[-117.68351,45.62621],[-117.68282,45.62654],[-117.68069,45.62686],[-117.67731,45.62659],[-117.67225,45.62701],[-117.66927,45.62779],[-117.66463,45.62953],[-117.6637,45.62964],[-117.66275,45.62947],[-117.66174,45.62894],[-117.66139,45.62843],[-117.66125,45.6257],[-117.66061,45.62406],[-117.65983,45.62352],[-117.65688,45.62256],[-117.65614,45.6219],[-117.65601,45.62149],[-117.65606,45.6193],[-117.65571,45.61834],[-117.6545,45.61752],[-117.65116,45.61687],[-117.64944,45.61613],[-117.64707,45.61407],[-117.64635,45.61245],[-117.64566,45.61175],[-117.645,45.61161],[-117.64416,45.61175],[-117.64213,45.6135],[-117.64084,45.61386],[-117.64021,45.61377],[-117.63835,45.61309],[-117.63274,45.61189],[-117.63192,45.61147],[-117.63156,45.61097],[-117.63153,45.61045],[-117.63287,45.60826],[-117.63302,45.60757],[-117.63191,45.60494],[-117.63113,45.60437],[-117.62942,45.60429],[-117.62741,45.60486],[-117.62642,45.60533],[-117.62339,45.60746],[-117.6193,45.60976],[-117.6181,45.61021],[-117.61678,45.61007],[-117.61619,45.60954],[-117.61611,45.60906],[-117.61639,45.60805],[-117.61625,45.60749],[-117.61584,45.60698],[-117.61492,45.60652],[-117.61386,45.60634],[-117.61298,45.60637],[-117.61173,45.60682],[-117.60934,45.60873],[-117.60851,45.60916],[-117.60552,45.61019],[-117.60426,45.61006],[-117.6028,45.60931],[-117.59888,45.60565],[-117.59649,45.60431],[-117.59584,45.60368],[-117.59469,45.60104],[-117.5943,45.60059],[-117.58968,45.59663],[-117.58705,45.59466],[-117.58448,45.59334],[-117.53428,45.57713],[-117.4995,45.56139],[-117.49793,45.56091],[-117.48009,45.55675],[-117.45019,45.54991],[-117.44813,45.54923],[-117.43797,45.54453],[-117.43702,45.54392],[-117.43583,45.54269],[-117.43549,45.5421],[-117.4351,45.54041],[-117.43583,45.53091],[-117.43628,45.52796],[-117.43585,45.52499],[-117.42893,45.50892],[-117.42786,45.50756],[-117.41515,45.49682],[-117.40436,45.48494],[-117.3904,45.47662],[-117.38896,45.4752],[-117.3888,45.47406],[-117.38912,45.47257],[-117.39057,45.46957],[-117.39089,45.4682],[-117.39063,45.4674],[-117.38192,45.45049],[-117.38123,45.44999],[-117.37987,45.44935],[-117.3786,45.44922],[-117.36661,45.44966],[-117.36432,45.4495],[-117.33656,45.44121],[-117.32567,45.43507],[-117.32161,45.43359],[-117.32063,45.43299],[-117.31601,45.42575],[-117.3152,45.42506],[-117.30731,45.42039],[-117.30578,45.41967],[-117.30064,45.41866],[-117.29818,45.41848],[-117.29715,45.41863],[-117.2922,45.42003],[-117.29058,45.42008],[-117.29025,45.42029],[-117.28314,45.41922],[-117.27393,45.41812],[-117.27309,45.41795],[-117.27209,45.41748],[-117.27151,45.41693],[-117.27118,45.41616],[-117.27051,45.40853],[-117.26999,45.40692],[-117.2595,45.39051],[-117.25203,45.37548],[-117.25076,45.37127],[-117.24903,45.35511],[-117.24871,45.35361],[-117.24803,45.35294],[-117.24713,45.35255],[-117.24605,45.35242],[-117.24518,45.35254],[-117.23303,45.35769]]}},{"type":"Feature","properties":{"valuation":"14","line":"","operator":"Oregon-Washington Railroad & Navigation Company","operator_as_printed":"O.W. R.&N.","nara_bundle":"868","nara_vs":"014","from_terminus":"Huntington","to_terminus":"Homestead","successor":"Union Pacific system","extent_confidence":"high","uncertainty_notes":"Leader ends at Blakes, next to Huntington. Finding aid files O.W. 014 with Oregon Short Line. Snake River alignment schematic between Huntington and Homestead.","manual_addition":false,"source_map":"1512323_001_001_Oregon_Washington_Railroad_and_Navigation_Company.jpg (same base also on Central RR and SP&S/SV/Mt Hood sheets)","ref_1964_sp_index":"","geometry_unmatched":false,"id":42,"nara_rrname":"Oregon Washington","nara_otherrr":"Oregon Short Line","nara_state":"OR","section_tag":"OWR&N-14","filed_under":"Oregon Washington"},"geometry":{"type":"LineString","coordinates":[[-117.26675,44.35212],[-117.26398,44.3523],[-117.26229,44.35265],[-117.25394,44.35633],[-117.24882,44.35699],[-117.24762,44.35757],[-117.24571,44.35981],[-117.24425,44.36066],[-117.23387,44.36344],[-117.23422,44.36369],[-117.23307,44.3642],[-117.23163,44.3645],[-117.22927,44.36443],[-117.22883,44.36463],[-117.22863,44.36499],[-117.22879,44.36545],[-117.23153,44.36793],[-117.23189,44.36922],[-117.23253,44.36998],[-117.2358,44.37239],[-117.23684,44.37411],[-117.23692,44.37466],[-117.23668,44.37545],[-117.23693,44.37625],[-117.24033,44.38166],[-117.24017,44.38225],[-117.24148,44.38358],[-117.24267,44.38693],[-117.24368,44.3881],[-117.24418,44.38913],[-117.24463,44.39029],[-117.24491,44.3944],[-117.24409,44.39753],[-117.24224,44.39925],[-117.2404,44.39968],[-117.23801,44.40057],[-117.23724,44.40061],[-117.23619,44.40115],[-117.23503,44.40217],[-117.23428,44.40312],[-117.23086,44.40503],[-117.23027,44.4052],[-117.22889,44.40614],[-117.22863,44.40704],[-117.22814,44.40754],[-117.2277,44.40839],[-117.22643,44.41391],[-117.22606,44.41469],[-117.22519,44.41606],[-117.2242,44.41692],[-117.22318,44.41826],[-117.22218,44.41878],[-117.22114,44.41964],[-117.2198,44.42193],[-117.219,44.42263],[-117.21816,44.42421],[-117.21771,44.42634],[-117.21768,44.42762],[-117.21734,44.42836],[-117.2179,44.43108],[-117.2174,44.43396],[-117.21757,44.43543],[-117.21841,44.43647],[-117.21817,44.43824],[-117.21832,44.44366],[-117.21771,44.44681],[-117.21682,44.44911],[-117.21709,44.45072],[-117.21887,44.45647],[-117.22144,44.46131],[-117.22179,44.4633],[-117.22294,44.46515],[-117.22603,44.46823],[-117.22771,44.47056],[-117.22772,44.4716],[-117.22904,44.47477],[-117.2296,44.47814],[-117.22863,44.48232],[-117.22666,44.48466],[-117.22394,44.48643],[-117.21989,44.48762],[-117.21446,44.48836],[-117.21162,44.4885],[-117.20925,44.4894],[-117.20626,44.49178],[-117.20465,44.49412],[-117.20469,44.49499],[-117.20433,44.49626],[-117.19912,44.50406],[-117.19821,44.51122],[-117.19665,44.5145],[-117.19182,44.51909],[-117.18315,44.52467],[-117.17536,44.5266],[-117.16468,44.5296],[-117.15674,44.53547],[-117.15245,44.54034],[-117.14652,44.54835],[-117.14549,44.55474],[-117.14631,44.55649],[-117.1497,44.56109],[-117.15071,44.56387],[-117.15066,44.56913],[-117.14985,44.57104],[-117.14679,44.5735],[-117.14288,44.57578],[-117.1364,44.57735],[-117.13374,44.57836],[-117.13105,44.58006],[-117.1294,44.58224],[-117.12878,44.58516],[-117.12876,44.59584],[-117.12749,44.59884],[-117.12352,44.60965],[-117.11893,44.62422],[-117.11091,44.63122],[-117.105,44.63992],[-117.09876,44.65649],[-117.09803,44.66515],[-117.09443,44.66866],[-117.08696,44.67303],[-117.08164,44.67651],[-117.08095,44.6809],[-117.0819,44.68633],[-117.08216,44.69195],[-117.07855,44.69744],[-117.06808,44.70403],[-117.06379,44.71293],[-117.06173,44.72269],[-117.06293,44.72806],[-117.0607,44.73074],[-117.0552,44.73403],[-117.04971,44.74306],[-117.04587,44.74632],[-117.03243,44.75238],[-117.02125,44.75544],[-117.0094,44.75965],[-116.99662,44.76063],[-116.98305,44.768],[-116.97301,44.77379],[-116.96237,44.77671],[-116.94374,44.78213],[-116.93679,44.78579],[-116.9349,44.79097],[-116.93422,44.79529],[-116.93482,44.80224],[-116.93053,44.81027],[-116.92272,44.81563],[-116.90055,44.84063],[-116.89957,44.84217],[-116.89767,44.84775],[-116.89786,44.84893],[-116.89981,44.85174],[-116.89996,44.8531],[-116.89911,44.85508],[-116.89743,44.85628],[-116.89456,44.85698],[-116.89003,44.85689],[-116.88722,44.85762],[-116.88544,44.8584],[-116.88024,44.86234],[-116.87975,44.8632],[-116.87891,44.86593],[-116.87767,44.86699],[-116.86776,44.87064],[-116.86655,44.87142],[-116.86589,44.87242],[-116.86572,44.87542],[-116.8646,44.87666],[-116.86179,44.87875],[-116.85904,44.88169],[-116.85791,44.88399],[-116.85533,44.88699],[-116.85428,44.88773],[-116.8531,44.88919],[-116.85323,44.89165],[-116.8528,44.89352],[-116.85179,44.89471],[-116.85136,44.89741],[-116.84971,44.90144],[-116.84849,44.90396],[-116.84588,44.90746],[-116.84504,44.90945],[-116.84412,44.91457],[-116.84047,44.92012],[-116.83993,44.92138],[-116.84004,44.92401],[-116.83927,44.92589],[-116.83854,44.92688],[-116.83538,44.929],[-116.83433,44.93092],[-116.83418,44.932],[-116.83545,44.93742],[-116.83757,44.94008],[-116.84234,44.94535],[-116.84386,44.94734],[-116.84538,44.94799],[-116.84661,44.94887],[-116.84809,44.95186],[-116.85248,44.95945],[-116.85298,44.96153],[-116.853,44.96281],[-116.8521,44.96413],[-116.84772,44.96802],[-116.84757,44.96842],[-116.84783,44.96872],[-116.85368,44.97029],[-116.85458,44.97121],[-116.85742,44.97176],[-116.85825,44.97267],[-116.86023,44.97736],[-116.85969,44.98052],[-116.85935,44.98128],[-116.85954,44.98239],[-116.85915,44.98404],[-116.85512,44.98966],[-116.85465,44.99105],[-116.851,44.99504],[-116.84971,44.99861],[-116.84905,44.99986],[-116.84635,45.00226],[-116.84605,45.00393],[-116.84652,45.00794],[-116.84815,45.00988],[-116.84905,45.01121],[-116.84914,45.01246],[-116.84729,45.01385],[-116.84635,45.01507],[-116.84635,45.01637],[-116.84712,45.01749],[-116.84987,45.02013],[-116.85,45.02232],[-116.84884,45.02359],[-116.84802,45.02423]]}},{"type":"Feature","properties":{"valuation":"15","line":"","operator":"Oregon-Washington Railroad & Navigation Company","operator_as_printed":"O.W. R.&N.","nara_bundle":"868","nara_vs":"015","from_terminus":"Malheur Jct.","to_terminus":"Crane","successor":"Union Pacific system","extent_confidence":"medium","uncertainty_notes":"Extent confidence medium in section table. Via Vale. East end is a break mark just west of Malheur Jct. Juntura–Crane alignment schematic.","manual_addition":false,"source_map":"1512323_001_001_Oregon_Washington_Railroad_and_Navigation_Company.jpg (same base also on Central RR and SP&S/SV/Mt Hood sheets)","ref_1964_sp_index":"","geometry_unmatched":false,"id":43,"nara_rrname":"Oregon Washington","nara_otherrr":"","nara_state":"OR","section_tag":"OWR&N-15","filed_under":"Oregon Washington"},"geometry":{"type":"LineString","coordinates":[[-116.99937,43.99565],[-117.20196,43.99578],[-117.20671,43.99531],[-117.20913,43.99477],[-117.25046,43.98238],[-117.25229,43.98174],[-117.25468,43.98064],[-117.25749,43.97887],[-117.31035,43.93816],[-117.31263,43.93691],[-117.31527,43.93632],[-117.31711,43.93629],[-117.31903,43.93657],[-117.41448,43.9544],[-117.41955,43.95471],[-117.45716,43.95525],[-117.45858,43.95571],[-117.45915,43.95617],[-117.46109,43.95991],[-117.46221,43.96056],[-117.46315,43.96077],[-117.46436,43.96073],[-117.46518,43.96047],[-117.46643,43.95942],[-117.47651,43.94756],[-117.47896,43.94534],[-117.47929,43.94443],[-117.47796,43.94055],[-117.47794,43.94016],[-117.47826,43.93945],[-117.47881,43.93902],[-117.47958,43.93872],[-117.48407,43.93806],[-117.48467,43.93781],[-117.48549,43.93709],[-117.48681,43.9347],[-117.48671,43.93389],[-117.48584,43.93246],[-117.48584,43.93173],[-117.48647,43.93091],[-117.48816,43.9297],[-117.49039,43.92627],[-117.49059,43.9252],[-117.4905,43.92453],[-117.48994,43.9234],[-117.48907,43.92248],[-117.48735,43.92162],[-117.48296,43.9206],[-117.48055,43.91952],[-117.47963,43.91865],[-117.47937,43.91762],[-117.4795,43.917],[-117.48019,43.91616],[-117.4812,43.91565],[-117.48501,43.91484],[-117.48653,43.91381],[-117.48848,43.91193],[-117.48954,43.91157],[-117.49023,43.91156],[-117.49127,43.91187],[-117.49453,43.91426],[-117.49633,43.9149],[-117.49769,43.91501],[-117.4989,43.91488],[-117.50001,43.91452],[-117.50133,43.91369],[-117.5059,43.90833],[-117.50841,43.9049],[-117.51503,43.88405],[-117.51627,43.88189],[-117.51731,43.88056],[-117.51884,43.87903],[-117.5215,43.87729],[-117.52279,43.8767],[-117.52862,43.87467],[-117.52934,43.87449],[-117.53057,43.87463],[-117.5313,43.87505],[-117.53165,43.87553],[-117.53187,43.87749],[-117.53231,43.87847],[-117.5345,43.8817],[-117.53572,43.88315],[-117.53606,43.884],[-117.53688,43.88501],[-117.53815,43.88544],[-117.53886,43.88547],[-117.54191,43.88512],[-117.5481,43.88653],[-117.55082,43.88672],[-117.55346,43.88638],[-117.58019,43.88068],[-117.58172,43.88029],[-117.58496,43.87913],[-117.58782,43.87762],[-117.62499,43.85189],[-117.63384,43.84552],[-117.63633,43.84293],[-117.64654,43.82911],[-117.64717,43.82845],[-117.66211,43.81881],[-117.66386,43.81738],[-117.66478,43.81572],[-117.66601,43.81051],[-117.66736,43.80841],[-117.6686,43.80719],[-117.67015,43.80605],[-117.67192,43.80512],[-117.68017,43.80283],[-117.68199,43.80185],[-117.6847,43.79926],[-117.68524,43.79852],[-117.68566,43.79781],[-117.68688,43.79419],[-117.68727,43.79356],[-117.68788,43.79303],[-117.68923,43.79245],[-117.69568,43.7915],[-117.69689,43.79158],[-117.69961,43.79226],[-117.7013,43.79217],[-117.70232,43.79183],[-117.70492,43.78975],[-117.70853,43.78762],[-117.7103,43.78701],[-117.71111,43.78693],[-117.71657,43.7878],[-117.71831,43.78791],[-117.72115,43.78771],[-117.72844,43.78671],[-117.73044,43.78614],[-117.73384,43.78451],[-117.73443,43.7837],[-117.73445,43.78268],[-117.73318,43.77848],[-117.73324,43.77767],[-117.73341,43.77715],[-117.7339,43.77647],[-117.73533,43.77558],[-117.73619,43.77535],[-117.73714,43.77523],[-117.73849,43.77538],[-117.73984,43.77592],[-117.74352,43.77912],[-117.74487,43.77965],[-117.76107,43.78038],[-117.76244,43.78053],[-117.76562,43.78122],[-117.76785,43.78141],[-117.77053,43.78125],[-117.77298,43.78072],[-117.77444,43.7802],[-117.77899,43.77811],[-117.78056,43.77751],[-117.78184,43.77731],[-117.78393,43.77741],[-117.78502,43.77773],[-117.7882,43.77942],[-117.79033,43.77986],[-117.79236,43.77955],[-117.79896,43.77726],[-117.80248,43.7767],[-117.80508,43.77651],[-117.80618,43.77659],[-117.80699,43.77687],[-117.80987,43.77856],[-117.81548,43.78047],[-117.81696,43.78055],[-117.82069,43.77978],[-117.82263,43.78014],[-117.83983,43.78687],[-117.84113,43.78724],[-117.84312,43.78735],[-117.84413,43.78757],[-117.84494,43.78799],[-117.84549,43.78848],[-117.84834,43.79146],[-117.8532,43.79364],[-117.85395,43.79372],[-117.85519,43.79353],[-117.85821,43.79191],[-117.85941,43.79147],[-117.86057,43.79135],[-117.86213,43.79165],[-117.86319,43.79225],[-117.86385,43.79305],[-117.86411,43.79399],[-117.86437,43.79647],[-117.86461,43.79708],[-117.86513,43.79771],[-117.86643,43.79835],[-117.86765,43.79854],[-117.86878,43.7984],[-117.88204,43.79539],[-117.8835,43.79529],[-117.88543,43.79546],[-117.88741,43.79603],[-117.88934,43.79712],[-117.89209,43.80012],[-117.89336,43.80091],[-117.9004,43.80338],[-117.90178,43.80356],[-117.9031,43.80336],[-117.90428,43.8027],[-117.90788,43.79843],[-117.91023,43.79696],[-117.91212,43.79627],[-117.91972,43.79476],[-117.92181,43.79455],[-117.93162,43.79518],[-117.93399,43.79504],[-117.93588,43.79428],[-117.93962,43.79179],[-117.94135,43.79094],[-117.94883,43.78833],[-117.95065,43.78831],[-117.95242,43.78888],[-117.95399,43.78987],[-117.95663,43.79239],[-117.95786,43.7931],[-117.96157,43.79401],[-117.96321,43.79389],[-117.96471,43.79319],[-117.96551,43.79219],[-117.9661,43.78772],[-117.96666,43.78642],[-117.96733,43.78553],[-117.96831,43.78464],[-117.96988,43.78369],[-117.97233,43.78292],[-117.97405,43.78275],[-117.97575,43.78289],[-117.9774,43.78331],[-117.97885,43.784],[-117.98522,43.78942],[-117.9864,43.79089],[-117.98756,43.793],[-117.98819,43.79374],[-117.98935,43.79443],[-117.99137,43.79476],[-117.99331,43.79465],[-118.0025,43.79278],[-118.00416,43.7923],[-118.00569,43.79133],[-118.00774,43.78851],[-118.00841,43.78781],[-118.00931,43.78725],[-118.01028,43.7869],[-118.01143,43.78673],[-118.01657,43.78674],[-118.01887,43.78635],[-118.02047,43.78572],[-118.02149,43.78506],[-118.02235,43.78427],[-118.02459,43.7805],[-118.02839,43.77655],[-118.02882,43.77566],[-118.02903,43.7747],[-118.02903,43.7711],[-118.02925,43.76994],[-118.03101,43.76679],[-118.03183,43.76576],[-118.03332,43.76511],[-118.03508,43.76517],[-118.03615,43.76563],[-118.03865,43.76769],[-118.04193,43.76895],[-118.04355,43.7693],[-118.04458,43.76922],[-118.0456,43.7689],[-118.04661,43.76817],[-118.04703,43.76743],[-118.04736,43.76609],[-118.04809,43.76478],[-118.05764,43.75984],[-118.05871,43.75915],[-118.08142,43.73898],[-118.08233,43.73763],[-118.08258,43.73667],[-118.08262,43.73585],[-118.08239,43.73472],[-118.0821,43.73399],[-118.07489,43.7249],[-118.07457,43.7238],[-118.07471,43.72299],[-118.07492,43.72249],[-118.07574,43.72151],[-118.07726,43.7208],[-118.07873,43.72056],[-118.08011,43.7207],[-118.08487,43.7219],[-118.08661,43.72182],[-118.09137,43.72059],[-118.09213,43.72],[-118.09276,43.71914],[-118.09293,43.71795],[-118.09111,43.7133],[-118.09117,43.71045],[-118.09105,43.70962],[-118.09067,43.70874],[-118.08821,43.70544],[-118.08711,43.70284],[-118.08689,43.70022],[-118.08766,43.6942],[-118.08764,43.69346],[-118.08694,43.69116],[-118.08457,43.68535],[-118.08416,43.68471],[-118.08362,43.68426],[-118.08233,43.68385],[-118.08119,43.68392],[-118.07486,43.68571],[-118.07314,43.68555],[-118.07223,43.68514],[-118.07157,43.68458],[-118.0711,43.68349],[-118.07067,43.67754],[-118.07029,43.67666],[-118.06876,43.67449],[-118.06845,43.67364],[-118.06857,43.67251],[-118.06981,43.67049],[-118.07004,43.66951],[-118.06834,43.66415],[-118.06837,43.66337],[-118.06906,43.66253],[-118.07022,43.66209],[-118.07165,43.66196],[-118.0742,43.66254],[-118.07549,43.66231],[-118.07887,43.65953],[-118.07956,43.65925],[-118.08212,43.65893],[-118.08287,43.65862],[-118.0835,43.65825],[-118.08417,43.65727],[-118.08436,43.65649],[-118.08417,43.65597],[-118.08273,43.65411],[-118.08235,43.6531],[-118.08243,43.64928],[-118.08205,43.64864],[-118.08145,43.64807],[-118.07758,43.64665],[-118.07548,43.64548],[-118.0751,43.64509],[-118.07485,43.64452],[-118.07482,43.64392],[-118.07523,43.64331],[-118.07643,43.6426],[-118.08034,43.64232],[-118.08122,43.6422],[-118.0822,43.64183],[-118.08508,43.6398],[-118.08538,43.63929],[-118.08545,43.63848],[-118.08493,43.63758],[-118.08334,43.63666],[-118.0818,43.6362],[-118.08079,43.63558],[-118.08032,43.63515],[-118.08004,43.63462],[-118.08001,43.63371],[-118.08134,43.63119],[-118.08194,43.63074],[-118.08526,43.62644],[-118.08567,43.62512],[-118.08524,43.62086],[-118.08611,43.61654],[-118.08661,43.61544],[-118.08712,43.61487],[-118.08828,43.61423],[-118.09359,43.61341],[-118.09681,43.61264],[-118.09756,43.61233],[-118.09837,43.61163],[-118.09854,43.61076],[-118.09537,43.60215],[-118.09492,43.60115],[-118.09176,43.59652],[-118.09163,43.5959],[-118.09174,43.59514],[-118.09228,43.59447],[-118.09301,43.59402],[-118.09764,43.5931],[-118.09876,43.59248],[-118.10004,43.59136],[-118.10159,43.58801],[-118.10258,43.58675],[-118.10414,43.58611],[-118.10796,43.58573],[-118.10925,43.58477],[-118.10942,43.58418],[-118.10818,43.57868],[-118.10869,43.57766],[-118.10994,43.57672],[-118.12517,43.56895],[-118.12955,43.56348],[-118.13676,43.55987],[-118.14285,43.55415],[-118.15152,43.54892],[-118.15616,43.54497],[-118.17315,43.51762],[-118.17448,43.51572],[-118.1759,43.5146],[-118.18137,43.51163],[-118.18197,43.51107],[-118.18238,43.51012],[-118.18341,43.4949],[-118.18414,43.49297],[-118.18521,43.49138],[-118.1874,43.48948],[-118.1883,43.48783],[-118.18847,43.48388],[-118.1889,43.48279],[-118.1901,43.48173],[-118.19062,43.48061],[-118.19096,43.47693],[-118.19203,43.47385],[-118.19334,43.47123],[-118.19506,43.46923],[-118.21171,43.45828],[-118.23319,43.44906],[-118.23722,43.44779],[-118.26132,43.44334],[-118.26211,43.44303],[-118.26289,43.44226],[-118.26349,43.43966],[-118.26149,43.42953],[-118.26181,43.42857],[-118.26407,43.42645],[-118.265,43.42588],[-118.27059,43.42422],[-118.27117,43.42381],[-118.2716,43.42305],[-118.27132,43.42095],[-118.26962,43.41903],[-118.2696,43.41839],[-118.27076,43.41438],[-118.27093,43.41286],[-118.27063,43.40921],[-118.27089,43.40838],[-118.27469,43.40427],[-118.27525,43.40315],[-118.2755,43.40168],[-118.27439,43.39613],[-118.27456,43.39463],[-118.27641,43.39183],[-118.27752,43.3912],[-118.28104,43.3913],[-118.28224,43.39061],[-118.28263,43.38802],[-118.28263,43.3869],[-118.28392,43.38568],[-118.28422,43.38493],[-118.28636,43.35489],[-118.28709,43.35352],[-118.28804,43.35252],[-118.29074,43.35137],[-118.3388,43.33832],[-118.36305,43.33333],[-118.36544,43.33305],[-118.37839,43.33289],[-118.38041,43.33313],[-118.43493,43.34787],[-118.43815,43.34909],[-118.4403,43.35112],[-118.4444,43.35675],[-118.45787,43.36715],[-118.45903,43.36767],[-118.46096,43.36781],[-118.46289,43.36715],[-118.46684,43.36296],[-118.46753,43.36246],[-118.46824,43.36221],[-118.46918,43.36218],[-118.47002,43.36241],[-118.47079,43.36307],[-118.47266,43.36587],[-118.47317,43.36636],[-118.47388,43.36665],[-118.47723,43.36648],[-118.47927,43.36664],[-118.48105,43.36731],[-118.4827,43.36893],[-118.48349,43.36942],[-118.48751,43.37071],[-118.48894,43.37087],[-118.49246,43.37002],[-118.49339,43.37018],[-118.49437,43.37096],[-118.49585,43.37327],[-118.49776,43.37523],[-118.50287,43.38331],[-118.5051,43.38425],[-118.50798,43.38406],[-118.50896,43.38434],[-118.50986,43.38515],[-118.50982,43.38718],[-118.51025,43.38865],[-118.51145,43.39008],[-118.51454,43.39189],[-118.5163,43.39376],[-118.51896,43.39788],[-118.52014,43.40062],[-118.52072,43.4012],[-118.52152,43.40162],[-118.52237,43.40191],[-118.52776,43.40199],[-118.58076,43.41322]]}},{"type":"Feature","properties":{"valuation":"16","line":"","operator":"Oregon-Washington Railroad & Navigation Company","operator_as_printed":"O.W. R.&N.","nara_bundle":"868","nara_vs":"016","from_terminus":"Vale","to_terminus":"Brogan","successor":"Union Pacific system","extent_confidence":"high","uncertainty_notes":"","manual_addition":false,"source_map":"1512323_001_001_Oregon_Washington_Railroad_and_Navigation_Company.jpg (same base also on Central RR and SP&S/SV/Mt Hood sheets)","ref_1964_sp_index":"","geometry_unmatched":false,"id":44,"nara_rrname":"Oregon Washington","nara_otherrr":"","nara_state":"OR","section_tag":"OWR&N-16","filed_under":"Oregon Washington"},"geometry":{"type":"LineString","coordinates":[[-117.23999,43.98552],[-117.2335,43.98746],[-117.23481,43.98751],[-117.23585,43.98775],[-117.23619,43.9881],[-117.23664,43.98925],[-117.23884,43.99846],[-117.23927,43.9995],[-117.28897,44.06545],[-117.29088,44.06755],[-117.30731,44.08048],[-117.38928,44.12788],[-117.39188,44.12968],[-117.42151,44.15855],[-117.44067,44.18399],[-117.51243,44.24388],[-117.52075,44.24847],[-117.52191,44.24947]]}},{"type":"Feature","properties":{"valuation":"1","line":"","operator":"Oregon Trunk Railway","operator_as_printed":"O.T. Ry.","nara_bundle":"864","nara_vs":"001","from_terminus":"Fallbridge, Wash.","to_terminus":"North Jct.","successor":"Spokane, Portland & Seattle Railway (controlling)","extent_confidence":"medium","uncertainty_notes":"Extent confidence medium in section table. Two O.T. 1 circles. North end in Washington. Drawn on the west bank of the Deschutes; alignment shared with Des Chutes Railroad in the source track.","manual_addition":false,"source_map":"1512323_001_001_Oregon_Washington_Railroad_and_Navigation_Company.jpg (same base also on Central RR and SP&S/SV/Mt Hood sheets)","ref_1964_sp_index":"","geometry_unmatched":false,"id":45,"nara_rrname":"Oregon Trunk","nara_otherrr":"","nara_state":"OR","section_tag":"OT-1","filed_under":"Oregon Trunk"},"geometry":{"type":"LineString","coordinates":[[-120.96479,45.65792],[-120.97788,45.65365],[-120.98086,45.65305],[-120.9819,45.65244],[-120.98237,45.65173],[-120.98245,45.6511],[-120.98002,45.64475],[-120.98015,45.64472],[-120.97634,45.64465],[-120.97369,45.64479],[-120.97087,45.64526],[-120.96776,45.64614],[-120.9676,45.64571],[-120.95458,45.65065],[-120.95114,45.65168],[-120.9491,45.65198],[-120.94682,45.65205],[-120.94519,45.65187],[-120.94354,45.65141],[-120.94138,45.65042],[-120.93952,45.64916],[-120.93842,45.6481],[-120.93529,45.64433],[-120.93432,45.6436],[-120.93079,45.64187],[-120.92687,45.63778],[-120.92546,45.63661],[-120.91668,45.63148],[-120.91519,45.63037],[-120.91416,45.62921],[-120.91232,45.62586],[-120.91136,45.6245],[-120.9099,45.6229],[-120.90743,45.62072],[-120.9069,45.61994],[-120.9066,45.61905],[-120.90663,45.61811],[-120.90774,45.61504],[-120.90864,45.61415],[-120.91309,45.61053],[-120.91423,45.609],[-120.91464,45.60807],[-120.91482,45.60711],[-120.91487,45.60632],[-120.91462,45.60482],[-120.91393,45.60348],[-120.91298,45.60236],[-120.90983,45.60003],[-120.90873,45.59936],[-120.90153,45.59681],[-120.9005,45.59607],[-120.90007,45.5954],[-120.89865,45.59127],[-120.89833,45.58894],[-120.89837,45.58824],[-120.89866,45.58734],[-120.90019,45.58427],[-120.90494,45.57978],[-120.9061,45.5782],[-120.90655,45.57731],[-120.90688,45.57643],[-120.90773,45.57238],[-120.90772,45.56887],[-120.90879,45.56595],[-120.91079,45.56189],[-120.91109,45.56044],[-120.9108,45.55895],[-120.91036,45.55815],[-120.90085,45.5484],[-120.90015,45.54652],[-120.89939,45.54313],[-120.89876,45.54192],[-120.89682,45.54061],[-120.89573,45.54021],[-120.88868,45.53928],[-120.88733,45.53871],[-120.88681,45.53829],[-120.88623,45.53736],[-120.88575,45.53113],[-120.88556,45.53019],[-120.88484,45.52834],[-120.88399,45.52734],[-120.88085,45.52562],[-120.87855,45.52511],[-120.87485,45.52506],[-120.87308,45.5254],[-120.8662,45.52745],[-120.86452,45.52761],[-120.8636,45.52748],[-120.86214,45.52691],[-120.8556,45.52165],[-120.85435,45.52096],[-120.84049,45.51594],[-120.83859,45.51545],[-120.83572,45.51528],[-120.83132,45.51547],[-120.82959,45.51519],[-120.82872,45.51478],[-120.82789,45.51409],[-120.82743,45.51317],[-120.82742,45.51221],[-120.82782,45.51146],[-120.82876,45.51059],[-120.83485,45.50813],[-120.83699,45.50679],[-120.83863,45.50509],[-120.8397,45.50283],[-120.83974,45.50186],[-120.83929,45.50072],[-120.83604,45.49701],[-120.83547,45.49611],[-120.83512,45.4949],[-120.83509,45.49425],[-120.83511,45.49365],[-120.83551,45.4926],[-120.83907,45.48649],[-120.83993,45.4847],[-120.84063,45.48137],[-120.84044,45.47935],[-120.83788,45.47137],[-120.83835,45.46971],[-120.83898,45.46875],[-120.84005,45.46793],[-120.84835,45.46315],[-120.85027,45.46271],[-120.85592,45.46233],[-120.85752,45.46209],[-120.85952,45.46142],[-120.86108,45.4605],[-120.86208,45.45958],[-120.86275,45.45862],[-120.86351,45.45696],[-120.86397,45.45535],[-120.86448,45.4516],[-120.86668,45.44793],[-120.86768,45.44466],[-120.8677,45.44276],[-120.86722,45.44122],[-120.86598,45.43934],[-120.86466,45.43818],[-120.86054,45.43538],[-120.85784,45.43393],[-120.85211,45.43146],[-120.85148,45.43088],[-120.85133,45.43033],[-120.8517,45.42951],[-120.85239,45.429],[-120.85422,45.4285],[-120.85588,45.42861],[-120.85831,45.42961],[-120.86013,45.42987],[-120.86144,45.42981],[-120.86406,45.4287],[-120.86459,45.4282],[-120.8651,45.42739],[-120.86527,45.42641],[-120.86507,45.42554],[-120.86354,45.42296],[-120.86318,45.42178],[-120.86327,45.42111],[-120.86508,45.41834],[-120.86706,45.41611],[-120.86777,45.41507],[-120.86832,45.41354],[-120.86848,45.41091],[-120.86823,45.4099],[-120.86833,45.4059],[-120.86854,45.40489],[-120.86991,45.40105],[-120.87004,45.39998],[-120.87004,45.39798],[-120.86977,45.39661],[-120.86936,45.39549],[-120.86819,45.39356],[-120.86788,45.39268],[-120.86789,45.3918],[-120.8685,45.39041],[-120.86941,45.38961],[-120.86998,45.38935],[-120.87073,45.3892],[-120.87201,45.38929],[-120.87299,45.38967],[-120.87739,45.39265],[-120.87879,45.39319],[-120.87977,45.3934],[-120.8811,45.39344],[-120.88299,45.39283],[-120.88354,45.39242],[-120.8842,45.39144],[-120.88495,45.38831],[-120.88584,45.38693],[-120.89178,45.38237],[-120.8991,45.37539],[-120.89938,45.37461],[-120.8998,45.37207],[-120.90107,45.36921],[-120.90148,45.36789],[-120.90154,45.36675],[-120.90128,45.36343],[-120.90146,45.36269],[-120.90193,45.36213],[-120.90323,45.36152],[-120.9045,45.36146],[-120.91048,45.363],[-120.91268,45.36329],[-120.91495,45.36314],[-120.91717,45.36252],[-120.9187,45.36173],[-120.91995,45.36073],[-120.92074,45.35968],[-120.92118,45.3587],[-120.92139,45.35694],[-120.92118,45.35303],[-120.92081,45.35039],[-120.92129,45.3494],[-120.92216,45.34847],[-120.9235,45.34787],[-120.92475,45.34772],[-120.93062,45.34855],[-120.93383,45.34851],[-120.93715,45.34782],[-120.93875,45.34724],[-120.93954,45.34675],[-120.94021,45.346],[-120.94057,45.34506],[-120.94069,45.34402],[-120.9404,45.34251],[-120.93952,45.34146],[-120.93392,45.33763],[-120.93319,45.33693],[-120.93293,45.33647],[-120.93279,45.33569],[-120.9327,45.33388],[-120.9329,45.33304],[-120.9333,45.33256],[-120.93403,45.33207],[-120.93507,45.33177],[-120.93536,45.33034],[-120.93601,45.33021],[-120.93828,45.33021],[-120.93944,45.33056],[-120.94146,45.33173],[-120.94273,45.33223],[-120.94438,45.33193],[-120.94511,45.33146],[-120.94545,45.33101],[-120.94541,45.32935],[-120.94491,45.32825],[-120.94509,45.32579],[-120.94558,45.32429],[-120.94751,45.32207],[-120.95189,45.3179],[-120.95506,45.31356],[-120.95575,45.30987],[-120.95764,45.30746],[-120.95952,45.30673],[-120.96562,45.30607],[-120.96974,45.30692],[-120.97257,45.30842],[-120.9742,45.31084],[-120.97506,45.31362],[-120.97386,45.31814],[-120.97377,45.31995],[-120.97472,45.3205],[-120.97695,45.3211],[-120.97849,45.32194],[-120.98004,45.32213],[-120.9821,45.32158],[-120.98364,45.32068],[-120.98888,45.3106],[-120.99128,45.308],[-120.99368,45.30661],[-120.99755,45.30589],[-121.00021,45.30655],[-121.00622,45.30915],[-121.00871,45.30933],[-121.01128,45.30867],[-121.013,45.30764],[-121.01506,45.30692],[-121.016,45.30589],[-121.01729,45.30366],[-121.01737,45.2975],[-121.01837,45.29482],[-121.02026,45.29283],[-121.0206,45.29181],[-121.02185,45.28996],[-121.02258,45.28924],[-121.02271,45.2887],[-121.02232,45.28776],[-121.01983,45.28694],[-121.01803,45.28574],[-121.01648,45.28444],[-121.01636,45.28308],[-121.01661,45.28187],[-121.01717,45.28075],[-121.01839,45.27986],[-121.01975,45.27924],[-121.02032,45.27807],[-121.02344,45.27548],[-121.02356,45.27413],[-121.02275,45.2728],[-121.02181,45.27213],[-121.02005,45.2715],[-121.01863,45.27065],[-121.01777,45.26966],[-121.01773,45.26851],[-121.01841,45.267],[-121.02005,45.26503],[-121.02155,45.26416],[-121.02376,45.26351],[-121.02605,45.2625],[-121.02764,45.26221],[-121.02895,45.26224],[-121.03114,45.262],[-121.03419,45.26106],[-121.03638,45.25984],[-121.03748,45.25873],[-121.03907,45.25456],[-121.03992,45.25317],[-121.04151,45.25102],[-121.04318,45.24915],[-121.04709,45.24422],[-121.04748,45.24295],[-121.04752,45.24063],[-121.04795,45.23906],[-121.04915,45.23673],[-121.05001,45.23564],[-121.05091,45.23489],[-121.0525,45.23416],[-121.06104,45.23165],[-121.06374,45.23132],[-121.06524,45.23138],[-121.06756,45.23201],[-121.06859,45.23201],[-121.07245,45.23065],[-121.07859,45.22682],[-121.08035,45.22434],[-121.08078,45.22307],[-121.08158,45.2219],[-121.07964,45.22023],[-121.07651,45.21867],[-121.07531,45.21788],[-121.07465,45.21716],[-121.0741,45.21615],[-121.07394,45.21428],[-121.07445,45.21267],[-121.07529,45.21146],[-121.08079,45.20698],[-121.08196,45.20562],[-121.08289,45.20389],[-121.08327,45.20252],[-121.08338,45.20131],[-121.08277,45.19681],[-121.08391,45.19062],[-121.08472,45.18855],[-121.08496,45.18753],[-121.08502,45.18398],[-121.0848,45.18318],[-121.08428,45.18229],[-121.08306,45.18129],[-121.07668,45.17906],[-121.07531,45.17831],[-121.07458,45.17755],[-121.07418,45.1766],[-121.07418,45.17567],[-121.07448,45.17483],[-121.07499,45.1742],[-121.07603,45.17345],[-121.07968,45.17207],[-121.07989,45.17037],[-121.08181,45.16978],[-121.08355,45.16897],[-121.08948,45.16577],[-121.09291,45.16417],[-121.09869,45.16074],[-121.10177,45.15934],[-121.1065,45.15485],[-121.10758,45.15356],[-121.10856,45.15202],[-121.11185,45.1499],[-121.1131,45.14948],[-121.11389,45.14939],[-121.11741,45.14946],[-121.12317,45.14732],[-121.12447,45.14659],[-121.12497,45.14605],[-121.12515,45.14471],[-121.12485,45.14331],[-121.12443,45.14287],[-121.12229,45.1415],[-121.12118,45.13978],[-121.12074,45.13822],[-121.12054,45.13392],[-121.12156,45.13175],[-121.12282,45.12987],[-121.12366,45.1291],[-121.12642,45.12735],[-121.13104,45.1261],[-121.13181,45.1256],[-121.13215,45.12488],[-121.13188,45.12396],[-121.13044,45.12266],[-121.12942,45.12087],[-121.12906,45.11983],[-121.12906,45.11929],[-121.13077,45.11274],[-121.13054,45.10924],[-121.13113,45.10588],[-121.13105,45.10285],[-121.13059,45.10193],[-121.12982,45.10099],[-121.1263,45.09846],[-121.12522,45.09673],[-121.12503,45.09604],[-121.1251,45.09549],[-121.12541,45.09505],[-121.12684,45.09384],[-121.12832,45.09289],[-121.12992,45.09273],[-121.13025,45.09262],[-121.13049,45.09224],[-121.13017,45.09176],[-121.12804,45.0903],[-121.12664,45.08881],[-121.12635,45.08781],[-121.12712,45.08576],[-121.12704,45.085],[-121.12635,45.0843],[-121.12372,45.08243],[-121.12279,45.0814],[-121.12187,45.07986],[-121.12106,45.07902],[-121.11968,45.07826],[-121.11863,45.07792],[-121.1123,45.07667],[-121.10883,45.07565],[-121.10793,45.07518],[-121.10753,45.07463],[-121.10746,45.07424],[-121.10772,45.07192],[-121.10947,45.06808],[-121.10979,45.06766],[-121.11082,45.06692],[-121.11809,45.06414],[-121.11869,45.06374],[-121.11905,45.0632],[-121.11914,45.06261],[-121.11889,45.06205],[-121.11555,45.05963],[-121.11491,45.05871],[-121.11472,45.05774],[-121.11519,45.05599],[-121.11624,45.05421],[-121.11703,45.05348],[-121.12001,45.05176],[-121.12066,45.05105],[-121.12097,45.04989],[-121.12072,45.04887],[-121.11952,45.0474],[-121.11804,45.04593],[-121.11338,45.04334],[-121.11218,45.04234],[-121.11207,45.04136],[-121.11254,45.04027],[-121.11237,45.03942],[-121.11138,45.03872],[-121.10885,45.03826],[-121.10756,45.03851],[-121.10289,45.04266],[-121.10164,45.04321],[-121.09915,45.04309],[-121.09761,45.04224],[-121.09654,45.03978],[-121.09679,45.03511],[-121.09654,45.03453],[-121.09576,45.03372],[-121.09448,45.03338],[-121.09151,45.03317],[-121.08993,45.03341],[-121.08418,45.03593],[-121.08272,45.03645],[-121.08139,45.0366],[-121.07907,45.03623],[-121.07705,45.0356],[-121.07619,45.03505],[-121.07495,45.03347],[-121.07366,45.03296],[-121.07164,45.03305],[-121.06413,45.03056],[-121.06272,45.02947],[-121.06207,45.02832],[-121.05794,45.01815],[-121.05489,45.01511]]}},{"type":"Feature","properties":{"valuation":"2","line":"","operator":"Oregon Trunk Railway","operator_as_printed":"O.T. Ry.","nara_bundle":"864","nara_vs":"002","from_terminus":"North Jct.","to_terminus":"South Jct.","successor":"Spokane, Portland & Seattle Railway (controlling)","extent_confidence":"high","uncertainty_notes":"","manual_addition":false,"source_map":"1512323_001_001_Oregon_Washington_Railroad_and_Navigation_Company.jpg (same base also on Central RR and SP&S/SV/Mt Hood sheets)","ref_1964_sp_index":"","geometry_unmatched":false,"id":46,"nara_rrname":"Oregon Trunk","nara_otherrr":"","nara_state":"OR","section_tag":"OT-2","filed_under":"Oregon Trunk"},"geometry":{"type":"LineString","coordinates":[[-121.05489,45.01511],[-121.05464,45.01372],[-121.05506,45.01123],[-121.05464,45.01026],[-121.05146,45.00892],[-121.0512,45.00807],[-121.05197,45.00443],[-121.053,45.0031],[-121.05429,45.00231],[-121.05601,45.00164],[-121.05652,45.00091],[-121.05652,44.99982],[-121.05541,44.99648],[-121.05567,44.99187],[-121.05618,44.99114],[-121.06021,44.9878],[-121.06107,44.98568],[-121.06339,44.98374],[-121.06348,44.98264],[-121.06202,44.978],[-121.06227,44.97669],[-121.06532,44.97299],[-121.06635,44.97262],[-121.06815,44.97253],[-121.06912,44.9727],[-121.07322,44.97458],[-121.07488,44.97465],[-121.07623,44.97427],[-121.07953,44.97275],[-121.08053,44.97181],[-121.08086,44.97072],[-121.08065,44.96988],[-121.08011,44.9692],[-121.07931,44.96862],[-121.07736,44.96762],[-121.07678,44.96693],[-121.0765,44.96617],[-121.0767,44.96507],[-121.07872,44.96217],[-121.07947,44.96056],[-121.07999,44.95599],[-121.0799,44.95526],[-121.07957,44.9546],[-121.07905,44.95407],[-121.07633,44.95232],[-121.07571,44.95145],[-121.07546,44.9505],[-121.07557,44.94963],[-121.07677,44.94521],[-121.07765,44.9428],[-121.07806,44.94027],[-121.0778,44.93966],[-121.07711,44.93901],[-121.07623,44.93865],[-121.07395,44.9381],[-121.07295,44.9376],[-121.07246,44.93701],[-121.0723,44.93626],[-121.07245,44.93566],[-121.07316,44.93436],[-121.07424,44.93311],[-121.07554,44.93223],[-121.08007,44.93004],[-121.08072,44.92923],[-121.08077,44.92826],[-121.07959,44.92637],[-121.07928,44.9255],[-121.07653,44.91192],[-121.07613,44.91094],[-121.07525,44.90996],[-121.06785,44.9045],[-121.0673,44.90349],[-121.06535,44.89757],[-121.06402,44.89607],[-121.06172,44.89396]]}},{"type":"Feature","properties":{"valuation":"3","line":"","operator":"Oregon Trunk Railway","operator_as_printed":"O.T. Ry.","nara_bundle":"864","nara_vs":"003","from_terminus":"South Jct.","to_terminus":"Metolius","successor":"Spokane, Portland & Seattle Railway (controlling)","extent_confidence":"high","uncertainty_notes":"Spelled Metollius on map.","manual_addition":false,"source_map":"1512323_001_001_Oregon_Washington_Railroad_and_Navigation_Company.jpg (same base also on Central RR and SP&S/SV/Mt Hood sheets)","ref_1964_sp_index":"","geometry_unmatched":false,"id":47,"nara_rrname":"Oregon Trunk","nara_otherrr":"","nara_state":"OR","section_tag":"OT-3","filed_under":"Oregon Trunk"},"geometry":{"type":"LineString","coordinates":[[-121.06172,44.89396],[-121.06016,44.89181],[-121.05894,44.8905],[-121.05715,44.88941],[-121.05353,44.88775],[-121.05253,44.88696],[-121.05205,44.88633],[-121.04907,44.88047],[-121.04716,44.87814],[-121.04699,44.8776],[-121.04706,44.87678],[-121.04786,44.87562],[-121.05826,44.86623],[-121.0589,44.86517],[-121.05988,44.86221],[-121.06005,44.85917],[-121.06034,44.85854],[-121.06111,44.85766],[-121.06274,44.85685],[-121.06457,44.85662],[-121.06599,44.85681],[-121.07022,44.85787],[-121.07183,44.85797],[-121.07339,44.85755],[-121.07425,44.85699],[-121.07463,44.85655],[-121.07505,44.8554],[-121.076,44.84595],[-121.07848,44.83941],[-121.07886,44.83768],[-121.07923,44.8342],[-121.07977,44.8321],[-121.08035,44.83067],[-121.08104,44.82949],[-121.08235,44.82806],[-121.08502,44.82588],[-121.08527,44.82531],[-121.08525,44.82491],[-121.08497,44.82436],[-121.08429,44.82383],[-121.08001,44.8224],[-121.07942,44.82206],[-121.07873,44.82128],[-121.07836,44.81996],[-121.07796,44.81936],[-121.07663,44.81859],[-121.07533,44.81734],[-121.07328,44.81653],[-121.07089,44.81432],[-121.07041,44.81265],[-121.07036,44.81168],[-121.07146,44.80949],[-121.07159,44.80869],[-121.07142,44.80792],[-121.06996,44.80489],[-121.06986,44.80424],[-121.07003,44.80366],[-121.0712,44.80192],[-121.07131,44.8011],[-121.071,44.80046],[-121.07038,44.79994],[-121.06956,44.79959],[-121.06775,44.79942],[-121.06378,44.8005],[-121.06136,44.80084],[-121.06056,44.80075],[-121.0591,44.80001],[-121.05763,44.79861],[-121.05675,44.79827],[-121.05512,44.79814],[-121.05403,44.79781],[-121.05328,44.7974],[-121.05235,44.79639],[-121.05041,44.79565],[-121.0498,44.79509],[-121.04954,44.79428],[-121.05,44.79098],[-121.05077,44.7897],[-121.05087,44.78912],[-121.05065,44.7885],[-121.04815,44.7858],[-121.04794,44.78515],[-121.04806,44.78453],[-121.0487,44.78389],[-121.04949,44.78359],[-121.05034,44.78351],[-121.05111,44.78365],[-121.05367,44.78459],[-121.05572,44.78491],[-121.06546,44.78471],[-121.06725,44.78431],[-121.07496,44.78155],[-121.07617,44.78097],[-121.07722,44.78035],[-121.07859,44.77917],[-121.08739,44.77079],[-121.08812,44.7695],[-121.08822,44.76859],[-121.0881,44.76685],[-121.08879,44.76568],[-121.09048,44.76475],[-121.09679,44.76241],[-121.09875,44.7615],[-121.09988,44.76089],[-121.1033,44.75856],[-121.1043,44.75834],[-121.10615,44.75834],[-121.10701,44.75803],[-121.10753,44.7576],[-121.10782,44.75691],[-121.10719,44.75409],[-121.10718,44.75354],[-121.10748,44.75292],[-121.10852,44.75212],[-121.11125,44.75134],[-121.11184,44.75096],[-121.11257,44.75019],[-121.11311,44.74895],[-121.11299,44.74754],[-121.11031,44.74309],[-121.10951,44.7422],[-121.1074,44.74159],[-121.10677,44.74123],[-121.10632,44.74062],[-121.10568,44.73877],[-121.1051,44.73817],[-121.10409,44.73758],[-121.10351,44.73679],[-121.1035,44.73609],[-121.10417,44.73504],[-121.10429,44.73379],[-121.105,44.73242],[-121.10498,44.73186],[-121.10438,44.7306],[-121.10442,44.73011],[-121.10622,44.72791],[-121.10638,44.72753],[-121.10635,44.72703],[-121.09848,44.71384],[-121.09791,44.71262],[-121.09745,44.71089],[-121.09742,44.70906],[-121.09903,44.69478],[-121.09979,44.69251],[-121.10197,44.68879],[-121.10216,44.68797],[-121.10194,44.67895],[-121.1012,44.66408],[-121.10142,44.66226],[-121.10222,44.66109],[-121.10354,44.66013],[-121.10489,44.65963],[-121.10633,44.65942],[-121.10871,44.65969],[-121.11433,44.66231],[-121.116,44.66274],[-121.11758,44.66291],[-121.11997,44.6628],[-121.12205,44.66229],[-121.12392,44.6614],[-121.12523,44.6604],[-121.17381,44.6001],[-121.17446,44.59902],[-121.17478,44.59756],[-121.1747,44.59664],[-121.17406,44.59412],[-121.1742,44.59323],[-121.17467,44.59259],[-121.17678,44.59072],[-121.17992,44.58687]]}},{"type":"Feature","properties":{"valuation":"4","line":"","operator":"Oregon Trunk Railway","operator_as_printed":"O.T. Ry.","nara_bundle":"864","nara_vs":"004","from_terminus":"Metolius","to_terminus":"Bend","successor":"Spokane, Portland & Seattle Railway (controlling)","extent_confidence":"high","uncertainty_notes":"Spelled Metollius on map. Finding aid also lists 004A and 004B, not on 1916 map.","manual_addition":false,"source_map":"1512323_001_001_Oregon_Washington_Railroad_and_Navigation_Company.jpg (same base also on Central RR and SP&S/SV/Mt Hood sheets)","ref_1964_sp_index":"","geometry_unmatched":false,"id":48,"nara_rrname":"Oregon Trunk","nara_otherrr":"","nara_state":"OR","section_tag":"OT-4","filed_under":"Oregon Trunk"},"geometry":{"type":"LineString","coordinates":[[-121.17992,44.58687],[-121.21271,44.54665],[-121.21464,44.54383],[-121.21559,44.54142],[-121.21599,44.53897],[-121.21601,44.52758],[-121.2157,44.5265],[-121.2157,44.52559],[-121.21582,44.52334],[-121.21603,44.52243],[-121.21605,44.50736],[-121.2164,44.50573],[-121.21723,44.50432],[-121.21866,44.50299],[-121.23869,44.49123],[-121.24192,44.48855],[-121.24404,44.48615],[-121.24508,44.48464],[-121.24628,44.48237],[-121.24709,44.48009],[-121.24742,44.47858],[-121.24766,44.47616],[-121.24778,44.46372],[-121.24755,44.46267],[-121.24702,44.46168],[-121.24621,44.46076],[-121.24494,44.45986],[-121.20622,44.44069],[-121.20478,44.43981],[-121.20391,44.43897],[-121.20331,44.43806],[-121.20299,44.4372],[-121.20287,44.43625],[-121.20296,44.43546],[-121.21043,44.40887],[-121.2106,44.40706],[-121.21046,44.40507],[-121.21015,44.40368],[-121.20948,44.40189],[-121.20858,44.40026],[-121.20747,44.39876],[-121.20609,44.3973],[-121.20424,44.39579],[-121.20236,44.39458],[-121.18685,44.38575],[-121.1834,44.38335],[-121.18045,44.38082],[-121.17781,44.37797],[-121.17591,44.37539],[-121.17042,44.36598],[-121.16967,44.36337],[-121.16955,44.36197],[-121.16986,44.35899],[-121.17654,44.34033],[-121.17687,44.3391],[-121.17698,44.3379],[-121.1758,44.32707],[-121.1754,44.32532],[-121.17487,44.32443],[-121.1742,44.3237],[-121.16954,44.32026],[-121.16716,44.31775],[-121.16626,44.31642],[-121.16545,44.31483],[-121.16491,44.31327],[-121.16457,44.3116],[-121.1646,44.30866],[-121.16805,44.27644],[-121.1683,44.27518],[-121.16893,44.27335],[-121.1697,44.27184],[-121.18908,44.24272],[-121.2077,44.22122],[-121.26361,44.14581],[-121.2647,44.14412],[-121.26884,44.13649],[-121.27011,44.13476],[-121.2786,44.12486],[-121.28998,44.11574],[-121.29072,44.11512],[-121.29185,44.11377],[-121.29233,44.11294],[-121.29289,44.11143],[-121.29982,44.09097],[-121.30028,44.08836],[-121.30035,44.08136],[-121.30059,44.07962],[-121.30122,44.0776],[-121.30648,44.06479],[-121.30682,44.06304],[-121.30683,44.05804]]}},{"type":"Feature","properties":{"valuation":"1","line":"","operator":"Des Chutes Railroad Company","operator_as_printed":"D. Ry.","nara_bundle":"","nara_vs":"","from_terminus":"","to_terminus":"North Jct.","successor":"Union Pacific system (OWR&N subsidiary)","extent_confidence":"medium","uncertainty_notes":"Extent confidence medium in section table. Operator expanded from D. RY.; finding aid spells Des Chutes. North end (near Biggs/Celilo) not named. North end drawn from Deschutes station on the O.W. R.&N. main line (unnamed on 1916 map). Drawn on the same canyon alignment as O.T. Ry. 1.","manual_addition":false,"source_map":"1512323_001_001_Oregon_Washington_Railroad_and_Navigation_Company.jpg (same base also on Central RR and SP&S/SV/Mt Hood sheets)","ref_1964_sp_index":"","geometry_unmatched":false,"id":49,"nara_rrname":"","nara_otherrr":"","nara_state":"","section_tag":"DRy-1","filed_under":"No bundle found"},"geometry":{"type":"LineString","coordinates":[[-120.90594,45.62801],[-120.90549,45.62677],[-120.90342,45.62311],[-120.90254,45.6211],[-120.90223,45.61979],[-120.90223,45.61619],[-120.90396,45.61208],[-120.90954,45.60774],[-120.91024,45.60672],[-120.91025,45.60584],[-120.90965,45.60499],[-120.90675,45.60247],[-120.89987,45.59912],[-120.89883,45.59846],[-120.89629,45.59625],[-120.89508,45.59439],[-120.8936,45.59032],[-120.89317,45.58872],[-120.89331,45.58782],[-120.89428,45.58602],[-120.90001,45.57977],[-120.90331,45.5739],[-120.90416,45.57053],[-120.90415,45.56967],[-120.90468,45.56667],[-120.90501,45.56568],[-120.9058,45.56448],[-120.90739,45.56121],[-120.90741,45.56052],[-120.90691,45.55912],[-120.9067,45.55868],[-120.90539,45.55725],[-120.90037,45.55272],[-120.89878,45.55061],[-120.89745,45.54851],[-120.89693,45.5461],[-120.89702,45.54463],[-120.89625,45.544],[-120.89513,45.54346],[-120.89273,45.54313],[-120.88981,45.54238],[-120.88552,45.54075],[-120.88251,45.53925],[-120.88198,45.53636],[-120.88252,45.53318],[-120.883,45.53153],[-120.88301,45.53077],[-120.88256,45.52972],[-120.88111,45.52851],[-120.87968,45.52799],[-120.87808,45.52782],[-120.87674,45.52789],[-120.8716,45.52866],[-120.86797,45.52939],[-120.86337,45.52943],[-120.86093,45.52859],[-120.85994,45.52809],[-120.85816,45.52659],[-120.85561,45.52516],[-120.85233,45.52289],[-120.84927,45.5216],[-120.84667,45.52],[-120.84005,45.51949],[-120.83801,45.5192],[-120.83451,45.51827],[-120.83208,45.51787],[-120.82678,45.51605],[-120.82571,45.51527],[-120.82506,45.51419],[-120.82487,45.51295],[-120.82513,45.51181],[-120.82581,45.51076],[-120.82708,45.5099],[-120.83377,45.50715],[-120.83517,45.50625],[-120.83637,45.50522],[-120.83772,45.50331],[-120.8378,45.50249],[-120.83756,45.50165],[-120.83399,45.49744],[-120.83317,45.49613],[-120.83281,45.49455],[-120.83292,45.49323],[-120.83413,45.49052],[-120.83435,45.48952],[-120.83468,45.48893],[-120.83716,45.48604],[-120.83763,45.48504],[-120.83817,45.48199],[-120.83815,45.48039],[-120.83779,45.47839],[-120.83579,45.47458],[-120.83527,45.47324],[-120.83495,45.47165],[-120.83513,45.46986],[-120.83588,45.46806],[-120.83697,45.46687],[-120.83833,45.46589],[-120.84084,45.46484],[-120.84544,45.4621],[-120.84742,45.4613],[-120.85036,45.46063],[-120.85562,45.46049],[-120.85761,45.45983],[-120.85873,45.45888],[-120.85976,45.45692],[-120.86049,45.45402],[-120.86077,45.45137],[-120.86122,45.44982],[-120.86182,45.44858],[-120.86365,45.44643],[-120.8641,45.44556],[-120.86437,45.4439],[-120.86416,45.44255],[-120.86334,45.44076],[-120.86206,45.43926],[-120.85635,45.43597],[-120.85089,45.43406],[-120.84934,45.43328],[-120.84797,45.43207],[-120.84733,45.43078],[-120.84741,45.42966],[-120.84814,45.42822],[-120.85029,45.42701],[-120.85316,45.42623],[-120.85565,45.42593],[-120.85737,45.42623],[-120.85969,45.42725],[-120.86084,45.42722],[-120.86179,45.42659],[-120.86166,45.42518],[-120.86046,45.4231],[-120.86024,45.42177],[-120.86076,45.42039],[-120.86484,45.41379],[-120.86574,45.40484],[-120.86702,45.40062],[-120.86713,45.39937],[-120.86486,45.39188],[-120.86496,45.3902],[-120.86647,45.38846],[-120.86857,45.3875],[-120.87104,45.38708],[-120.8737,45.38736],[-120.87617,45.38836],[-120.87824,45.38967],[-120.87927,45.3913],[-120.88056,45.39148],[-120.88211,45.39106],[-120.88228,45.38811],[-120.88374,45.38563],[-120.89232,45.37924],[-120.89678,45.37412],[-120.89859,45.3699],[-120.89842,45.36514],[-120.89884,45.36296],[-120.9009,45.36079],[-120.90382,45.36001],[-120.90657,45.36019],[-120.91163,45.3617],[-120.91429,45.362],[-120.91695,45.36109],[-120.91893,45.35935],[-120.91979,45.35398],[-120.91919,45.35138],[-120.92013,45.34837],[-120.92202,45.34704],[-120.92459,45.34668],[-120.9324,45.34734],[-120.93704,45.34668],[-120.93846,45.34596],[-120.93884,45.34517],[-120.93888,45.34363],[-120.93811,45.34249],[-120.93245,45.33835],[-120.92987,45.3354],[-120.93013,45.33425],[-120.9315,45.33211],[-120.933,45.33078],[-120.93601,45.33021],[-120.93828,45.33021],[-120.93944,45.33056],[-120.94146,45.33173],[-120.94273,45.33223],[-120.94438,45.33193],[-120.94511,45.33146],[-120.94545,45.33101],[-120.94541,45.32935],[-120.94491,45.32825],[-120.94509,45.32579],[-120.94558,45.32429],[-120.94751,45.32207],[-120.95189,45.3179],[-120.95506,45.31356],[-120.95575,45.30987],[-120.95764,45.30746],[-120.95952,45.30673],[-120.96562,45.30607],[-120.96974,45.30692],[-120.97257,45.30842],[-120.9742,45.31084],[-120.97506,45.31362],[-120.97386,45.31814],[-120.97377,45.31995],[-120.97472,45.3205],[-120.97695,45.3211],[-120.97849,45.32194],[-120.98004,45.32213],[-120.9821,45.32158],[-120.98364,45.32068],[-120.98888,45.3106],[-120.99128,45.308],[-120.99368,45.30661],[-120.99755,45.30589],[-121.00021,45.30655],[-121.00622,45.30915],[-121.00871,45.30933],[-121.01128,45.30867],[-121.013,45.30764],[-121.01506,45.30692],[-121.016,45.30589],[-121.01729,45.30366],[-121.01737,45.2975],[-121.01837,45.29482],[-121.02026,45.29283],[-121.0206,45.29181],[-121.02185,45.28996],[-121.02258,45.28924],[-121.02271,45.2887],[-121.02232,45.28776],[-121.01983,45.28694],[-121.01803,45.28574],[-121.01648,45.28444],[-121.01636,45.28308],[-121.01661,45.28187],[-121.01717,45.28075],[-121.01839,45.27986],[-121.01975,45.27924],[-121.02032,45.27807],[-121.02344,45.27548],[-121.02356,45.27413],[-121.02275,45.2728],[-121.02181,45.27213],[-121.02005,45.2715],[-121.01863,45.27065],[-121.01777,45.26966],[-121.01773,45.26851],[-121.01841,45.267],[-121.02005,45.26503],[-121.02155,45.26416],[-121.02376,45.26351],[-121.02605,45.2625],[-121.02764,45.26221],[-121.02895,45.26224],[-121.03114,45.262],[-121.03419,45.26106],[-121.03638,45.25984],[-121.03748,45.25873],[-121.03907,45.25456],[-121.03992,45.25317],[-121.04151,45.25102],[-121.04318,45.24915],[-121.04709,45.24422],[-121.04748,45.24295],[-121.04752,45.24063],[-121.04795,45.23906],[-121.04915,45.23673],[-121.05001,45.23564],[-121.05091,45.23489],[-121.0525,45.23416],[-121.06104,45.23165],[-121.06374,45.23132],[-121.06524,45.23138],[-121.06756,45.23201],[-121.06859,45.23201],[-121.07245,45.23065],[-121.07859,45.22682],[-121.08035,45.22434],[-121.08078,45.22307],[-121.08158,45.2219],[-121.07964,45.22023],[-121.07651,45.21867],[-121.07531,45.21788],[-121.07465,45.21716],[-121.0741,45.21615],[-121.07394,45.21428],[-121.07445,45.21267],[-121.07529,45.21146],[-121.08079,45.20698],[-121.08196,45.20562],[-121.08289,45.20389],[-121.08327,45.20252],[-121.08338,45.20131],[-121.08277,45.19681],[-121.08391,45.19062],[-121.08472,45.18855],[-121.08496,45.18753],[-121.08502,45.18398],[-121.0848,45.18318],[-121.08428,45.18229],[-121.08306,45.18129],[-121.07668,45.17906],[-121.07531,45.17831],[-121.07458,45.17755],[-121.07418,45.1766],[-121.07418,45.17567],[-121.07448,45.17483],[-121.07499,45.1742],[-121.07603,45.17345],[-121.07968,45.17207],[-121.07989,45.17037],[-121.08181,45.16978],[-121.08355,45.16897],[-121.08948,45.16577],[-121.09291,45.16417],[-121.09869,45.16074],[-121.10177,45.15934],[-121.1065,45.15485],[-121.10758,45.15356],[-121.10856,45.15202],[-121.11185,45.1499],[-121.1131,45.14948],[-121.11389,45.14939],[-121.11741,45.14946],[-121.12317,45.14732],[-121.12447,45.14659],[-121.12497,45.14605],[-121.12515,45.14471],[-121.12485,45.14331],[-121.12443,45.14287],[-121.12229,45.1415],[-121.12118,45.13978],[-121.12074,45.13822],[-121.12054,45.13392],[-121.12156,45.13175],[-121.12282,45.12987],[-121.12366,45.1291],[-121.12642,45.12735],[-121.13104,45.1261],[-121.13181,45.1256],[-121.13215,45.12488],[-121.13188,45.12396],[-121.13044,45.12266],[-121.12942,45.12087],[-121.12906,45.11983],[-121.12906,45.11929],[-121.13077,45.11274],[-121.13054,45.10924],[-121.13113,45.10588],[-121.13105,45.10285],[-121.13059,45.10193],[-121.12982,45.10099],[-121.1263,45.09846],[-121.12522,45.09673],[-121.12503,45.09604],[-121.1251,45.09549],[-121.12541,45.09505],[-121.12684,45.09384],[-121.12832,45.09289],[-121.12992,45.09273],[-121.13025,45.09262],[-121.13049,45.09224],[-121.13017,45.09176],[-121.12804,45.0903],[-121.12664,45.08881],[-121.12635,45.08781],[-121.12712,45.08576],[-121.12704,45.085],[-121.12635,45.0843],[-121.12372,45.08243],[-121.12279,45.0814],[-121.12187,45.07986],[-121.12106,45.07902],[-121.11968,45.07826],[-121.11863,45.07792],[-121.1123,45.07667],[-121.10883,45.07565],[-121.10793,45.07518],[-121.10753,45.07463],[-121.10746,45.07424],[-121.10772,45.07192],[-121.10947,45.06808],[-121.10979,45.06766],[-121.11082,45.06692],[-121.11809,45.06414],[-121.11869,45.06374],[-121.11905,45.0632],[-121.11914,45.06261],[-121.11889,45.06205],[-121.11555,45.05963],[-121.11491,45.05871],[-121.11472,45.05774],[-121.11519,45.05599],[-121.11624,45.05421],[-121.11703,45.05348],[-121.12001,45.05176],[-121.12066,45.05105],[-121.12097,45.04989],[-121.12072,45.04887],[-121.11952,45.0474],[-121.11804,45.04593],[-121.11338,45.04334],[-121.11218,45.04234],[-121.11207,45.04136],[-121.11254,45.04027],[-121.11237,45.03942],[-121.11138,45.03872],[-121.10885,45.03826],[-121.10756,45.03851],[-121.10289,45.04266],[-121.10164,45.04321],[-121.09915,45.04309],[-121.09761,45.04224],[-121.09654,45.03978],[-121.09679,45.03511],[-121.09654,45.03453],[-121.09576,45.03372],[-121.09448,45.03338],[-121.09151,45.03317],[-121.08993,45.03341],[-121.08418,45.03593],[-121.08272,45.03645],[-121.08139,45.0366],[-121.07907,45.03623],[-121.07705,45.0356],[-121.07619,45.03505],[-121.07495,45.03347],[-121.07366,45.03296],[-121.07164,45.03305],[-121.06413,45.03056],[-121.06272,45.02947],[-121.06207,45.02832],[-121.05794,45.01815],[-121.05489,45.01511]]}},{"type":"Feature","properties":{"valuation":"1a","line":"","operator":"Des Chutes Railroad Company","operator_as_printed":"D. Ry.","nara_bundle":"","nara_vs":"","from_terminus":"South Jct.","to_terminus":"Metolius","successor":"Union Pacific system (OWR&N subsidiary)","extent_confidence":"high","uncertainty_notes":"Spelled Metollius on map. Drawn on the same alignment as O.T. Ry. 3.","manual_addition":false,"source_map":"1512323_001_001_Oregon_Washington_Railroad_and_Navigation_Company.jpg (same base also on Central RR and SP&S/SV/Mt Hood sheets)","ref_1964_sp_index":"","geometry_unmatched":false,"id":50,"nara_rrname":"","nara_otherrr":"","nara_state":"","section_tag":"DRy-1a","filed_under":"No bundle found"},"geometry":{"type":"LineString","coordinates":[[-121.06172,44.89396],[-121.06016,44.89181],[-121.05894,44.8905],[-121.05715,44.88941],[-121.05353,44.88775],[-121.05253,44.88696],[-121.05205,44.88633],[-121.04907,44.88047],[-121.04716,44.87814],[-121.04699,44.8776],[-121.04706,44.87678],[-121.04786,44.87562],[-121.05826,44.86623],[-121.0589,44.86517],[-121.05988,44.86221],[-121.06005,44.85917],[-121.06034,44.85854],[-121.06111,44.85766],[-121.06274,44.85685],[-121.06457,44.85662],[-121.06599,44.85681],[-121.07022,44.85787],[-121.07183,44.85797],[-121.07339,44.85755],[-121.07425,44.85699],[-121.07463,44.85655],[-121.07505,44.8554],[-121.076,44.84595],[-121.07848,44.83941],[-121.07886,44.83768],[-121.07923,44.8342],[-121.07977,44.8321],[-121.08035,44.83067],[-121.08104,44.82949],[-121.08235,44.82806],[-121.08502,44.82588],[-121.08527,44.82531],[-121.08525,44.82491],[-121.08497,44.82436],[-121.08429,44.82383],[-121.08001,44.8224],[-121.07942,44.82206],[-121.07873,44.82128],[-121.07836,44.81996],[-121.07796,44.81936],[-121.07663,44.81859],[-121.07533,44.81734],[-121.07328,44.81653],[-121.07089,44.81432],[-121.07041,44.81265],[-121.07036,44.81168],[-121.07146,44.80949],[-121.07159,44.80869],[-121.07142,44.80792],[-121.06996,44.80489],[-121.06986,44.80424],[-121.07003,44.80366],[-121.0712,44.80192],[-121.07131,44.8011],[-121.071,44.80046],[-121.07038,44.79994],[-121.06956,44.79959],[-121.06775,44.79942],[-121.06378,44.8005],[-121.06136,44.80084],[-121.06056,44.80075],[-121.0591,44.80001],[-121.05763,44.79861],[-121.05675,44.79827],[-121.05512,44.79814],[-121.05403,44.79781],[-121.05328,44.7974],[-121.05235,44.79639],[-121.05041,44.79565],[-121.0498,44.79509],[-121.04954,44.79428],[-121.05,44.79098],[-121.05077,44.7897],[-121.05087,44.78912],[-121.05065,44.7885],[-121.04815,44.7858],[-121.04794,44.78515],[-121.04806,44.78453],[-121.0487,44.78389],[-121.04949,44.78359],[-121.05034,44.78351],[-121.05111,44.78365],[-121.05367,44.78459],[-121.05572,44.78491],[-121.06546,44.78471],[-121.06725,44.78431],[-121.07496,44.78155],[-121.07617,44.78097],[-121.07722,44.78035],[-121.07859,44.77917],[-121.08739,44.77079],[-121.08812,44.7695],[-121.08822,44.76859],[-121.0881,44.76685],[-121.08879,44.76568],[-121.09048,44.76475],[-121.09679,44.76241],[-121.09875,44.7615],[-121.09988,44.76089],[-121.1033,44.75856],[-121.1043,44.75834],[-121.10615,44.75834],[-121.10701,44.75803],[-121.10753,44.7576],[-121.10782,44.75691],[-121.10719,44.75409],[-121.10718,44.75354],[-121.10748,44.75292],[-121.10852,44.75212],[-121.11125,44.75134],[-121.11184,44.75096],[-121.11257,44.75019],[-121.11311,44.74895],[-121.11299,44.74754],[-121.11031,44.74309],[-121.10951,44.7422],[-121.1074,44.74159],[-121.10677,44.74123],[-121.10632,44.74062],[-121.10568,44.73877],[-121.1051,44.73817],[-121.10409,44.73758],[-121.10351,44.73679],[-121.1035,44.73609],[-121.10417,44.73504],[-121.10429,44.73379],[-121.105,44.73242],[-121.10498,44.73186],[-121.10438,44.7306],[-121.10442,44.73011],[-121.10622,44.72791],[-121.10638,44.72753],[-121.10635,44.72703],[-121.09848,44.71384],[-121.09791,44.71262],[-121.09745,44.71089],[-121.09742,44.70906],[-121.09903,44.69478],[-121.09979,44.69251],[-121.10197,44.68879],[-121.10216,44.68797],[-121.10194,44.67895],[-121.1012,44.66408],[-121.10142,44.66226],[-121.10222,44.66109],[-121.10354,44.66013],[-121.10489,44.65963],[-121.10633,44.65942],[-121.10871,44.65969],[-121.11433,44.66231],[-121.116,44.66274],[-121.11758,44.66291],[-121.11997,44.6628],[-121.12205,44.66229],[-121.12392,44.6614],[-121.12523,44.6604],[-121.17381,44.6001],[-121.17446,44.59902],[-121.17478,44.59756],[-121.1747,44.59664],[-121.17406,44.59412],[-121.1742,44.59323],[-121.17467,44.59259],[-121.17678,44.59072],[-121.17992,44.58687]]}},{"type":"Feature","properties":{"valuation":"1b","line":"","operator":"Des Chutes Railroad Company","operator_as_printed":"D. Ry.","nara_bundle":"","nara_vs":"","from_terminus":"Metolius","to_terminus":"Bend","successor":"Union Pacific system (OWR&N subsidiary)","extent_confidence":"low","uncertainty_notes":"Extent confidence low in section table. Shares one circle with 1c (\"1b 1c\"); split between them unknown. Same geometry as D. Ry. 1c and O.T. Ry. 4; split unknown.","manual_addition":false,"source_map":"1512323_001_001_Oregon_Washington_Railroad_and_Navigation_Company.jpg (same base also on Central RR and SP&S/SV/Mt Hood sheets)","ref_1964_sp_index":"","geometry_unmatched":false,"id":51,"nara_rrname":"","nara_otherrr":"","nara_state":"","section_tag":"DRy-1b","filed_under":"No bundle found"},"geometry":{"type":"LineString","coordinates":[[-121.17992,44.58687],[-121.21271,44.54665],[-121.21464,44.54383],[-121.21559,44.54142],[-121.21599,44.53897],[-121.21601,44.52758],[-121.2157,44.5265],[-121.2157,44.52559],[-121.21582,44.52334],[-121.21603,44.52243],[-121.21605,44.50736],[-121.2164,44.50573],[-121.21723,44.50432],[-121.21866,44.50299],[-121.23869,44.49123],[-121.24192,44.48855],[-121.24404,44.48615],[-121.24508,44.48464],[-121.24628,44.48237],[-121.24709,44.48009],[-121.24742,44.47858],[-121.24766,44.47616],[-121.24778,44.46372],[-121.24755,44.46267],[-121.24702,44.46168],[-121.24621,44.46076],[-121.24494,44.45986],[-121.20622,44.44069],[-121.20478,44.43981],[-121.20391,44.43897],[-121.20331,44.43806],[-121.20299,44.4372],[-121.20287,44.43625],[-121.20296,44.43546],[-121.21043,44.40887],[-121.2106,44.40706],[-121.21046,44.40507],[-121.21015,44.40368],[-121.20948,44.40189],[-121.20858,44.40026],[-121.20747,44.39876],[-121.20609,44.3973],[-121.20424,44.39579],[-121.20236,44.39458],[-121.18685,44.38575],[-121.1834,44.38335],[-121.18045,44.38082],[-121.17781,44.37797],[-121.17591,44.37539],[-121.17042,44.36598],[-121.16967,44.36337],[-121.16955,44.36197],[-121.16986,44.35899],[-121.17654,44.34033],[-121.17687,44.3391],[-121.17698,44.3379],[-121.1758,44.32707],[-121.1754,44.32532],[-121.17487,44.32443],[-121.1742,44.3237],[-121.16954,44.32026],[-121.16716,44.31775],[-121.16626,44.31642],[-121.16545,44.31483],[-121.16491,44.31327],[-121.16457,44.3116],[-121.1646,44.30866],[-121.16805,44.27644],[-121.1683,44.27518],[-121.16893,44.27335],[-121.1697,44.27184],[-121.18908,44.24272],[-121.2077,44.22122],[-121.26361,44.14581],[-121.2647,44.14412],[-121.26884,44.13649],[-121.27011,44.13476],[-121.2786,44.12486],[-121.28998,44.11574],[-121.29072,44.11512],[-121.29185,44.11377],[-121.29233,44.11294],[-121.29289,44.11143],[-121.29982,44.09097],[-121.30028,44.08836],[-121.30035,44.08136],[-121.30059,44.07962],[-121.30122,44.0776],[-121.30648,44.06479],[-121.30682,44.06304],[-121.30683,44.05804]]}},{"type":"Feature","properties":{"valuation":"1c","line":"","operator":"Des Chutes Railroad Company","operator_as_printed":"D. Ry.","nara_bundle":"","nara_vs":"","from_terminus":"Metolius","to_terminus":"Bend","successor":"Union Pacific system (OWR&N subsidiary)","extent_confidence":"low","uncertainty_notes":"Extent confidence low in section table. Shares one circle with 1b; split unknown. Same geometry as D. Ry. 1b and O.T. Ry. 4; split unknown.","manual_addition":false,"source_map":"1512323_001_001_Oregon_Washington_Railroad_and_Navigation_Company.jpg (same base also on Central RR and SP&S/SV/Mt Hood sheets)","ref_1964_sp_index":"","geometry_unmatched":false,"id":52,"nara_rrname":"","nara_otherrr":"","nara_state":"","section_tag":"DRy-1c","filed_under":"No bundle found"},"geometry":{"type":"LineString","coordinates":[[-121.17992,44.58687],[-121.21271,44.54665],[-121.21464,44.54383],[-121.21559,44.54142],[-121.21599,44.53897],[-121.21601,44.52758],[-121.2157,44.5265],[-121.2157,44.52559],[-121.21582,44.52334],[-121.21603,44.52243],[-121.21605,44.50736],[-121.2164,44.50573],[-121.21723,44.50432],[-121.21866,44.50299],[-121.23869,44.49123],[-121.24192,44.48855],[-121.24404,44.48615],[-121.24508,44.48464],[-121.24628,44.48237],[-121.24709,44.48009],[-121.24742,44.47858],[-121.24766,44.47616],[-121.24778,44.46372],[-121.24755,44.46267],[-121.24702,44.46168],[-121.24621,44.46076],[-121.24494,44.45986],[-121.20622,44.44069],[-121.20478,44.43981],[-121.20391,44.43897],[-121.20331,44.43806],[-121.20299,44.4372],[-121.20287,44.43625],[-121.20296,44.43546],[-121.21043,44.40887],[-121.2106,44.40706],[-121.21046,44.40507],[-121.21015,44.40368],[-121.20948,44.40189],[-121.20858,44.40026],[-121.20747,44.39876],[-121.20609,44.3973],[-121.20424,44.39579],[-121.20236,44.39458],[-121.18685,44.38575],[-121.1834,44.38335],[-121.18045,44.38082],[-121.17781,44.37797],[-121.17591,44.37539],[-121.17042,44.36598],[-121.16967,44.36337],[-121.16955,44.36197],[-121.16986,44.35899],[-121.17654,44.34033],[-121.17687,44.3391],[-121.17698,44.3379],[-121.1758,44.32707],[-121.1754,44.32532],[-121.17487,44.32443],[-121.1742,44.3237],[-121.16954,44.32026],[-121.16716,44.31775],[-121.16626,44.31642],[-121.16545,44.31483],[-121.16491,44.31327],[-121.16457,44.3116],[-121.1646,44.30866],[-121.16805,44.27644],[-121.1683,44.27518],[-121.16893,44.27335],[-121.1697,44.27184],[-121.18908,44.24272],[-121.2077,44.22122],[-121.26361,44.14581],[-121.2647,44.14412],[-121.26884,44.13649],[-121.27011,44.13476],[-121.2786,44.12486],[-121.28998,44.11574],[-121.29072,44.11512],[-121.29185,44.11377],[-121.29233,44.11294],[-121.29289,44.11143],[-121.29982,44.09097],[-121.30028,44.08836],[-121.30035,44.08136],[-121.30059,44.07962],[-121.30122,44.0776],[-121.30648,44.06479],[-121.30682,44.06304],[-121.30683,44.05804]]}},{"type":"Feature","properties":{"valuation":"1","line":"","operator":"Spokane, Portland & Seattle Railway Company","operator_as_printed":"S.P.&S.","nara_bundle":"1105","nara_vs":"001","from_terminus":"Portland","to_terminus":"Vancouver, Wash.","successor":"","extent_confidence":"medium","uncertainty_notes":"Extent confidence medium in section table. Portland inset, two circles. Map title prints SPOKANE, PORTLAND & SEATTLE RAILROAD. Section continues into Washington. Drawn to Vancouver, Wash.; the part north of the Columbia is in Washington.","manual_addition":false,"source_map":"1566726_002_001_SPSS_Mt_Hood.jpg","ref_1964_sp_index":"","geometry_unmatched":false,"id":53,"nara_rrname":"Spokane Portland and Seattle","nara_otherrr":"","nara_state":"OR","section_tag":"SP&S-1","filed_under":"Spokane Portland and Seattle"},"geometry":{"type":"LineString","coordinates":[[-122.67641,45.52932],[-122.67471,45.52792],[-122.6714,45.52688],[-122.6706,45.5269],[-122.66804,45.52804],[-122.66752,45.52814],[-122.6668,45.52803],[-122.66563,45.52736],[-122.66802,45.52955],[-122.67002,45.53008],[-122.67179,45.53174],[-122.67321,45.53411],[-122.67469,45.536],[-122.67489,45.53663],[-122.67495,45.53773],[-122.67518,45.53824],[-122.67564,45.53869],[-122.67761,45.5398],[-122.67801,45.54023],[-122.67814,45.54078],[-122.67805,45.54337],[-122.67818,45.54391],[-122.67848,45.54433],[-122.67905,45.54472],[-122.68143,45.54548],[-122.68225,45.5459],[-122.68982,45.55135],[-122.69145,45.55282],[-122.69752,45.56039],[-122.70029,45.5631],[-122.71035,45.5696],[-122.71135,45.57054],[-122.71209,45.57168],[-122.71237,45.57253],[-122.71247,45.57355],[-122.7123,45.59049],[-122.71188,45.59131],[-122.71085,45.59198],[-122.70972,45.59221],[-122.7085,45.59209],[-122.70983,45.59247],[-122.7109,45.593],[-122.71174,45.59378],[-122.71215,45.59459],[-122.7123,45.59558],[-122.71222,45.6039],[-122.71196,45.60522],[-122.71133,45.6063],[-122.70941,45.60792],[-122.70651,45.60989],[-122.70521,45.6104],[-122.70398,45.61058],[-122.70267,45.6105],[-122.70148,45.6102],[-122.70354,45.61095],[-122.70379,45.61134],[-122.7038,45.61207],[-122.7042,45.61241],[-122.68727,45.62823],[-122.68581,45.62875],[-122.68392,45.62876],[-122.68213,45.62813],[-122.67924,45.62592],[-122.67783,45.62573],[-122.67418,45.62572],[-122.67387,45.62586]]}},{"type":"Feature","properties":{"valuation":"2","line":"","operator":"Spokane, Portland & Seattle Railway Company","operator_as_printed":"S.P.&S.","nara_bundle":"1105","nara_vs":"002","from_terminus":"N. Portland","to_terminus":"Willbridge","successor":"","extent_confidence":"low","uncertainty_notes":"Extent confidence low in section table. Portland inset; leader only. Finding aid also lists 002A, not seen. Drawn N. Portland–Willamette River bridge–Willbridge.","manual_addition":false,"source_map":"1566726_002_001_SPSS_Mt_Hood.jpg","ref_1964_sp_index":"","geometry_unmatched":false,"id":54,"nara_rrname":"Spokane Portland and Seattle","nara_otherrr":"","nara_state":"OR","section_tag":"SP&S-2","filed_under":"Spokane Portland and Seattle"},"geometry":{"type":"LineString","coordinates":[[-122.69253,45.60744],[-122.70267,45.6105],[-122.70381,45.61059],[-122.70499,45.61045],[-122.70616,45.61007],[-122.7069,45.60964],[-122.70941,45.60792],[-122.71119,45.60644],[-122.7116,45.60593],[-122.71206,45.60489],[-122.71223,45.60351],[-122.71234,45.59045],[-122.71247,45.59141],[-122.71289,45.59229],[-122.71362,45.593],[-122.71443,45.59347],[-122.71532,45.59379],[-122.72219,45.59551],[-122.72389,45.59591],[-122.72423,45.596],[-122.75121,45.57364],[-122.75192,45.5727],[-122.75235,45.57163],[-122.75245,45.57057],[-122.75232,45.56974],[-122.75155,45.56822],[-122.75178,45.56799],[-122.75223,45.56831]]}},{"type":"Feature","properties":{"valuation":"3","line":"","operator":"Spokane, Portland & Seattle Railway Company","operator_as_printed":"S.P.&S.","nara_bundle":"1105","nara_vs":"003","from_terminus":"Goble","to_terminus":"Holladay","successor":"","extent_confidence":"high","uncertainty_notes":"Via Astoria and Warrenton. Another S.P.&S. 3 circle in the inset points north of Vancouver (Washington), not included.","manual_addition":false,"source_map":"1566726_002_001_SPSS_Mt_Hood.jpg","ref_1964_sp_index":"","geometry_unmatched":false,"id":55,"nara_rrname":"Spokane Portland and Seattle","nara_otherrr":"","nara_state":"OR","section_tag":"SP&S-3","filed_under":"Spokane Portland and Seattle"},"geometry":{"type":"LineString","coordinates":[[-122.87526,46.01724],[-122.87548,46.01809],[-122.87617,46.01925],[-122.87848,46.02165],[-122.88071,46.02336],[-122.88362,46.0275],[-122.88432,46.02923],[-122.88737,46.0395],[-122.88804,46.04055],[-122.89021,46.04299],[-122.89062,46.04373],[-122.89092,46.04476],[-122.89093,46.04571],[-122.88931,46.05002],[-122.88922,46.05136],[-122.88953,46.05226],[-122.89005,46.053],[-122.89393,46.05673],[-122.89469,46.05787],[-122.89488,46.05923],[-122.89413,46.06233],[-122.89416,46.06441],[-122.89447,46.06511],[-122.89568,46.067],[-122.89923,46.07105],[-122.90012,46.07343],[-122.90668,46.07903],[-122.91008,46.08107],[-122.91298,46.08322],[-122.91441,46.08382],[-122.91817,46.085],[-122.92191,46.08655],[-122.93001,46.08885],[-122.94271,46.09129],[-122.94753,46.09333],[-122.9491,46.09374],[-122.95321,46.09442],[-122.95833,46.09611],[-122.9871,46.10878],[-122.99472,46.11358],[-123.00551,46.11833],[-123.00892,46.11934],[-123.03079,46.12443],[-123.03288,46.12512],[-123.03944,46.12827],[-123.04104,46.12936],[-123.04363,46.13291],[-123.04527,46.13486],[-123.04823,46.13679],[-123.04863,46.13753],[-123.0491,46.1394],[-123.04964,46.14014],[-123.0506,46.1409],[-123.05268,46.142],[-123.05362,46.14277],[-123.05549,46.14556],[-123.05662,46.14643],[-123.05978,46.14819],[-123.06204,46.15013],[-123.06437,46.15143],[-123.06705,46.15383],[-123.06909,46.15521],[-123.07094,46.15635],[-123.07735,46.15862],[-123.08071,46.16033],[-123.08498,46.16138],[-123.08673,46.162],[-123.08864,46.16293],[-123.09131,46.16455],[-123.09464,46.16585],[-123.0961,46.1662],[-123.09789,46.16635],[-123.11012,46.16554],[-123.11588,46.16538],[-123.12183,46.16472],[-123.1263,46.16378],[-123.13841,46.16324],[-123.14039,46.16281],[-123.14278,46.16196],[-123.15441,46.15609],[-123.15594,46.15489],[-123.1566,46.15366],[-123.15765,46.14973],[-123.15824,46.14867],[-123.1591,46.14773],[-123.16515,46.14275],[-123.16596,46.14177],[-123.16633,46.14069],[-123.1662,46.13734],[-123.16631,46.13637],[-123.1669,46.13502],[-123.16806,46.13375],[-123.16962,46.13282],[-123.19347,46.12337],[-123.19451,46.12257],[-123.19629,46.12055],[-123.198,46.11911],[-123.20734,46.11356],[-123.20867,46.11302],[-123.20971,46.11277],[-123.2109,46.11272],[-123.21298,46.11299],[-123.22262,46.1166],[-123.23076,46.11996],[-123.23707,46.12149],[-123.2399,46.12174],[-123.24128,46.12159],[-123.29427,46.11123],[-123.29912,46.11078],[-123.30311,46.11088],[-123.30613,46.11123],[-123.35837,46.12287],[-123.36072,46.12373],[-123.36254,46.12477],[-123.39936,46.14731],[-123.40086,46.14875],[-123.40368,46.15341],[-123.40435,46.15379],[-123.40596,46.15397],[-123.40759,46.15497],[-123.40574,46.15664],[-123.40619,46.15708],[-123.41045,46.16043],[-123.42207,46.16811],[-123.42416,46.16975],[-123.43053,46.17577],[-123.43169,46.17703],[-123.43188,46.17744],[-123.43249,46.1798],[-123.43272,46.18174],[-123.43305,46.187],[-123.43286,46.1894],[-123.43405,46.1936],[-123.43444,46.19412],[-123.43527,46.19477],[-123.44688,46.20153],[-123.44818,46.20277],[-123.44939,46.20499],[-123.45041,46.20618],[-123.45144,46.20676],[-123.45885,46.20959],[-123.46545,46.21145],[-123.47375,46.21633],[-123.47543,46.21799],[-123.47638,46.2193],[-123.47755,46.22045],[-123.47932,46.22261],[-123.482,46.22657],[-123.48248,46.22705],[-123.48353,46.22762],[-123.49944,46.23409],[-123.5015,46.23448],[-123.50847,46.23497],[-123.51278,46.23547],[-123.51497,46.23517],[-123.51751,46.23405],[-123.58342,46.18719],[-123.58479,46.18639],[-123.58733,46.18569],[-123.59574,46.18438],[-123.5968,46.18433],[-123.59885,46.18473],[-123.60222,46.18679],[-123.60367,46.18705],[-123.60514,46.1869],[-123.61343,46.18368],[-123.62064,46.18181],[-123.6288,46.18102],[-123.63107,46.18051],[-123.63533,46.1788],[-123.64429,46.17437],[-123.6457,46.17393],[-123.65074,46.1729],[-123.65551,46.17131],[-123.65702,46.17126],[-123.66041,46.1718],[-123.66483,46.17166],[-123.66632,46.17195],[-123.66801,46.17281],[-123.67076,46.17574],[-123.6719,46.17621],[-123.67303,46.17636],[-123.67503,46.17601],[-123.68092,46.17455],[-123.68247,46.17376],[-123.68704,46.17053],[-123.68972,46.16979],[-123.69147,46.16976],[-123.70574,46.17077],[-123.70911,46.17067],[-123.71427,46.17009],[-123.71892,46.17051],[-123.72331,46.17005],[-123.72561,46.17026],[-123.73001,46.17187],[-123.73208,46.17287],[-123.73304,46.17365],[-123.7387,46.17997],[-123.73998,46.18057],[-123.74598,46.18225],[-123.74794,46.18315],[-123.74903,46.18385],[-123.75021,46.18487],[-123.75487,46.19022],[-123.75646,46.19163],[-123.75719,46.19198],[-123.76088,46.19305],[-123.76171,46.19351],[-123.76267,46.19441],[-123.76694,46.20334],[-123.76784,46.20397],[-123.769,46.20438],[-123.7702,46.20444],[-123.77187,46.20403],[-123.78144,46.19918],[-123.78546,46.19753],[-123.80141,46.19465],[-123.82092,46.18991],[-123.82223,46.1897],[-123.82721,46.18954],[-123.83523,46.19115],[-123.84584,46.19134],[-123.84764,46.19097],[-123.85862,46.18599],[-123.86071,46.18488],[-123.86125,46.18441],[-123.86179,46.18361],[-123.88032,46.16523],[-123.88131,46.16431],[-123.88231,46.16364],[-123.88374,46.16316],[-123.8855,46.163],[-123.90051,46.1636],[-123.92204,46.16542],[-123.92395,46.16538],[-123.92571,46.16478],[-123.92661,46.16416],[-123.92829,46.16217],[-123.92892,46.16097],[-123.92937,46.15868],[-123.92953,46.15557],[-123.92944,46.15008],[-123.9293,46.1499],[-123.929,46.14672],[-123.92847,46.13147],[-123.92768,46.12857],[-123.924,46.11843],[-123.92209,46.11252],[-123.91945,46.10844],[-123.9181,46.10493],[-123.91608,46.09746],[-123.91595,46.09617],[-123.91617,46.095],[-123.91683,46.09384],[-123.91685,46.09282],[-123.91522,46.08478],[-123.91428,46.08273],[-123.91074,46.06949],[-123.90846,46.06252],[-123.90844,46.06131],[-123.90869,46.06078],[-123.91027,46.05953],[-123.91043,46.05912],[-123.91015,46.05617],[-123.91027,46.0524],[-123.90988,46.02563],[-123.9101,46.02093],[-123.91057,46.01689],[-123.9091,46.01257],[-123.90918,46.01155],[-123.90936,46.01117],[-123.90999,46.01072],[-123.91306,46.00969],[-123.91397,46.00895],[-123.91444,46.00823],[-123.92097,45.99201],[-123.92083,45.99249]]}},{"type":"Feature","properties":{"valuation":"3a","line":"","operator":"Spokane, Portland & Seattle Railway Company","operator_as_printed":"S.P.&S.","nara_bundle":"1105","nara_vs":"003A","from_terminus":"Warrenton","to_terminus":"Ft. Stevens","successor":"","extent_confidence":"medium","uncertainty_notes":"Extent confidence medium in section table.","manual_addition":false,"source_map":"1566726_002_001_SPSS_Mt_Hood.jpg","ref_1964_sp_index":"","geometry_unmatched":false,"id":56,"nara_rrname":"Spokane Portland and Seattle","nara_otherrr":"","nara_state":"OR","section_tag":"SP&S-3a","filed_under":"Spokane Portland and Seattle"},"geometry":{"type":"LineString","coordinates":[[-123.92395,46.16538],[-123.92395,46.16554],[-123.92495,46.16661],[-123.9254,46.16794],[-123.92397,46.17831],[-123.92389,46.18142],[-123.92393,46.18715],[-123.92408,46.18834],[-123.92492,46.18957],[-123.92837,46.19183],[-123.93469,46.19522],[-123.94231,46.19897],[-123.94405,46.19935],[-123.95538,46.19929],[-123.9579,46.19953],[-123.95875,46.19989],[-123.96273,46.20241],[-123.96342,46.20391],[-123.96479,46.20495]]}},{"type":"Feature","properties":{"valuation":"1","line":"","operator":"Northern Pacific Railway Company","operator_as_printed":"N.P. Ry.","nara_bundle":"844","nara_vs":"001","from_terminus":"Portland","to_terminus":"Goble","successor":"","extent_confidence":"high","uncertainty_notes":"","manual_addition":false,"source_map":"1503199_001_004_Northern_Pacific.jpg","ref_1964_sp_index":"","geometry_unmatched":false,"id":57,"nara_rrname":"Northern Pacific","nara_otherrr":"","nara_state":"OR","section_tag":"NP-1","filed_under":"Northern Pacific"},"geometry":{"type":"LineString","coordinates":[[-122.67641,45.52932],[-122.68173,45.53372],[-122.68528,45.53575],[-122.68842,45.53678],[-122.68947,45.53728],[-122.7045,45.54665],[-122.70952,45.54958],[-122.711,45.55026],[-122.72644,45.55587],[-122.72846,45.55628],[-122.73458,45.55683],[-122.73709,45.55751],[-122.73864,45.5584],[-122.74691,45.56474],[-122.75223,45.56831],[-122.76141,45.57756],[-122.76662,45.58309],[-122.77623,45.59026],[-122.78014,45.59329],[-122.78171,45.59471],[-122.78307,45.59628],[-122.79195,45.60815],[-122.79276,45.60911],[-122.79414,45.61036],[-122.79631,45.61184],[-122.81008,45.6203],[-122.81381,45.62363],[-122.81749,45.62637],[-122.82147,45.62901],[-122.82385,45.63177],[-122.84111,45.64637],[-122.84239,45.64714],[-122.84642,45.64896],[-122.85203,45.65364],[-122.85716,45.65682],[-122.86275,45.66193],[-122.86895,45.66968],[-122.87217,45.67527],[-122.8733,45.67787],[-122.87367,45.67926],[-122.87364,45.68017],[-122.87178,45.68919],[-122.87032,45.6946],[-122.87032,45.69785],[-122.87076,45.70288],[-122.872,45.71117],[-122.87247,45.71301],[-122.87376,45.71638],[-122.87418,45.71831],[-122.87893,45.77069],[-122.87874,45.77228],[-122.86939,45.79087],[-122.86461,45.799],[-122.86348,45.80026],[-122.86117,45.8021],[-122.85997,45.80337],[-122.84662,45.82195],[-122.83261,45.84701],[-122.83093,45.84895],[-122.82102,45.85874],[-122.81924,45.8609],[-122.81807,45.86297],[-122.81376,45.8731],[-122.81247,45.87515],[-122.81046,45.87769],[-122.81007,45.87851],[-122.81,45.87903],[-122.81064,45.88167],[-122.8105,45.88602],[-122.81064,45.88792],[-122.81195,45.8951],[-122.81276,45.89762],[-122.8143,45.90021],[-122.83625,45.9252],[-122.84718,45.93473],[-122.85408,45.94167],[-122.85809,45.94382],[-122.8595,45.94489],[-122.8615,45.94842],[-122.86375,45.95369],[-122.86606,45.95808],[-122.86746,45.96026],[-122.86768,45.96145],[-122.86729,45.96379],[-122.86743,45.97027],[-122.86719,45.97112],[-122.86605,45.97361],[-122.86566,45.97538],[-122.86598,45.98253],[-122.86632,45.98399],[-122.86699,45.98583],[-122.87496,46.00013],[-122.8756,46.00185],[-122.87578,46.00393],[-122.87561,46.00517],[-122.87453,46.00802],[-122.87431,46.00912],[-122.87526,46.01724]]}},{"type":"Feature","properties":{"valuation":"2","line":"","operator":"Northern Pacific Railway Company","operator_as_printed":"N.P. Ry.","nara_bundle":"844","nara_vs":"002","from_terminus":"Portland","to_terminus":"","successor":"","extent_confidence":"low","uncertainty_notes":"Extent confidence low in section table. Both leaders end in Portland; extent unknown. No geometry: extent unknown.","manual_addition":false,"source_map":"1503199_001_004_Northern_Pacific.jpg","ref_1964_sp_index":"","geometry_unmatched":false,"id":58,"nara_rrname":"Northern Pacific","nara_otherrr":"","nara_state":"OR","section_tag":"NP-2","filed_under":"Northern Pacific"},"geometry":null},{"type":"Feature","properties":{"valuation":"3","line":"","operator":"Northern Pacific Railway Company","operator_as_printed":"N.P. Ry.","nara_bundle":"844","nara_vs":"003","from_terminus":"Pendleton","to_terminus":"Oregon–Washington state line (toward Wallula)","successor":"","extent_confidence":"medium","uncertainty_notes":"Extent confidence medium in section table. Via Smelts. Section continues into Washington (Hunts). Smelts location approximate.","manual_addition":false,"source_map":"1503199_001_004_Northern_Pacific.jpg","ref_1964_sp_index":"","geometry_unmatched":true,"id":59,"nara_rrname":"Northern Pacific","nara_otherrr":"","nara_state":"OR","section_tag":"NP-3","filed_under":"Northern Pacific"},"geometry":{"type":"LineString","coordinates":[[-118.7855,45.67001],[-118.78354,45.67059],[-118.78147,45.67063],[-118.77452,45.67285],[-118.77262,45.67379],[-118.76693,45.67742],[-118.76544,45.67857],[-118.76073,45.68103],[-118.75734,45.68205],[-118.75206,45.6825],[-118.75098,45.68277],[-118.74599,45.68545],[-118.73878,45.68808],[-118.73816,45.68854],[-118.73748,45.68934],[-118.73677,45.69126],[-118.73574,45.69304],[-118.73066,45.69962],[-118.73001,45.70021],[-118.7292,45.70054],[-118.72117,45.70257],[-118.72011,45.70336],[-118.718,45.7057],[-118.71783,45.70651],[-118.71822,45.70714],[-118.71894,45.70752],[-118.71989,45.70768],[-118.7216,45.70746],[-118.72337,45.70753],[-118.73465,45.71079],[-118.7359,45.71163],[-118.73885,45.71567],[-118.73989,45.71643],[-118.74349,45.7185],[-118.74452,45.71922],[-118.74508,45.71987],[-118.74928,45.72873],[-118.74958,45.72972],[-118.74959,45.73102],[-118.74525,45.74986],[-118.74499,45.75257],[-118.74538,45.75389],[-118.74782,45.75952],[-118.74825,45.76096],[-118.74804,45.76269],[-118.74684,45.76429],[-118.73435,45.7791],[-118.72264,45.79219],[-118.71847,45.79816],[-118.70161,45.82345],[-118.69994,45.82608],[-118.69924,45.82894],[-118.69856,45.83071],[-118.6968,45.83287],[-118.69371,45.83523],[-118.6917,45.83613],[-118.68766,45.83696],[-118.68539,45.83792],[-118.67608,45.84438],[-118.66354,45.84931],[-118.6602,45.85089],[-118.65835,45.85278],[-118.656,45.851],[-118.7,46.0]]}},{"type":"Feature","properties":{"valuation":"3A","line":"","operator":"Northern Pacific Railway Company","operator_as_printed":"N.P. Ry.","nara_bundle":"","nara_vs":"","from_terminus":"Smelts","to_terminus":"Athena","successor":"","extent_confidence":"high","uncertainty_notes":"","manual_addition":false,"source_map":"1503199_001_004_Northern_Pacific.jpg","ref_1964_sp_index":"","geometry_unmatched":true,"id":60,"nara_rrname":"","nara_otherrr":"","nara_state":"","section_tag":"NP-3A","filed_under":"No bundle found"},"geometry":{"type":"LineString","coordinates":[[-118.7,45.79],[-118.49,45.812]]}},{"type":"Feature","properties":{"valuation":"1","line":"","operator":"Northern Pacific Terminal Company of Oregon","operator_as_printed":"N.P.T.","nara_bundle":"853","nara_vs":"001","from_terminus":"Portland","to_terminus":"","successor":"","extent_confidence":"low","uncertainty_notes":"Extent confidence low in section table. Portland inset; terminal trackage, extent unknown. Finding aid also lists 001a. No geometry: terminal trackage, extent unknown.","manual_addition":false,"source_map":"1566726_002_001_SPSS_Mt_Hood.jpg","ref_1964_sp_index":"","geometry_unmatched":false,"id":61,"nara_rrname":"Northern Pacific Terminal Company of Oregon","nara_otherrr":"","nara_state":"OR","section_tag":"NPT-1","filed_under":"Northern Pacific Terminal Company of Oregon"},"geometry":null},{"type":"Feature","properties":{"valuation":"2","line":"","operator":"Northern Pacific Terminal Company of Oregon","operator_as_printed":"N.P.T.","nara_bundle":"","nara_vs":"","from_terminus":"Portland","to_terminus":"","successor":"","extent_confidence":"low","uncertainty_notes":"Extent confidence low in section table. Portland inset; terminal trackage, extent unknown. Finding aid also lists 002a. No geometry: terminal trackage, extent unknown.","manual_addition":false,"source_map":"1566726_002_001_SPSS_Mt_Hood.jpg","ref_1964_sp_index":"","geometry_unmatched":false,"id":62,"nara_rrname":"","nara_otherrr":"","nara_state":"","section_tag":"NPT-2","filed_under":"No bundle found"},"geometry":null},{"type":"Feature","properties":{"valuation":"","line":"","operator":"Central Railroad of Oregon","operator_as_printed":"C.R.R. of Ore.","nara_bundle":"179","nara_vs":"","from_terminus":"Union Jct.","to_terminus":"Cove","successor":"","extent_confidence":"high","uncertainty_notes":"No section number on map. Via Union.","manual_addition":false,"source_map":"1226044_001_001_Central_Railroad.jpg","ref_1964_sp_index":"","geometry_unmatched":false,"id":63,"nara_rrname":"Central Railroad of Oregon","nara_otherrr":"","nara_state":"(blank)","section_tag":"CRRO","filed_under":"Central Railroad of Oregon"},"geometry":{"type":"LineString","coordinates":[[-117.95924,45.24565],[-117.95424,45.24245],[-117.93197,45.22554],[-117.91045,45.20656],[-117.90977,45.2062],[-117.90908,45.20606],[-117.90797,45.20613],[-117.8841,45.20961],[-117.87603,45.20962],[-117.87415,45.20927],[-117.87647,45.21053],[-117.8807,45.21363],[-117.88756,45.21614],[-117.89031,45.21765],[-117.89095,45.21835],[-117.89114,45.22175],[-117.89108,45.29359],[-117.89063,45.2948],[-117.88973,45.29578],[-117.8881,45.29659],[-117.88063,45.29856],[-117.87758,45.2989],[-117.87305,45.29828],[-117.87067,45.29825],[-117.86848,45.29853],[-117.86627,45.29914],[-117.86074,45.29988],[-117.85748,45.2994],[-117.84928,45.2968],[-117.82048,45.29677],[-117.81799,45.2972],[-117.81212,45.29705],[-117.8104,45.29656],[-117.80808,45.2968]]}},{"type":"Feature","properties":{"valuation":"","line":"","operator":"Sumpter Valley Railway","operator_as_printed":"S.V. Ry.","nara_bundle":"1108","nara_vs":"001","from_terminus":"Baker","to_terminus":"Sumpter","successor":"","extent_confidence":"medium","uncertainty_notes":"Extent confidence medium in section table. No section number on map; finding aid VS 001. Map stops at Sumpter. Line continued beyond Sumpter; drawn only to Sumpter as on the map.","manual_addition":false,"source_map":"1566726_002_001_SPSS_Mt_Hood.jpg","ref_1964_sp_index":"","geometry_unmatched":false,"id":64,"nara_rrname":"Sumpter Valley","nara_otherrr":"","nara_state":"(blank)","section_tag":"SV","filed_under":"Sumpter Valley"},"geometry":{"type":"LineString","coordinates":[[-117.8383,44.77269],[-117.83677,44.77119],[-117.83108,44.76746],[-117.83117,44.76697],[-117.83023,44.76555],[-117.82952,44.76373],[-117.82883,44.76109],[-117.82832,44.75583],[-117.82898,44.75268],[-117.82963,44.75195],[-117.83188,44.75068],[-117.8334,44.74872],[-117.83437,44.74655],[-117.8351,44.74201],[-117.83448,44.73893],[-117.83467,44.73797],[-117.85535,44.68724],[-117.85707,44.68538],[-117.85851,44.68452],[-117.86192,44.68205],[-117.86297,44.67998],[-117.86389,44.67909],[-117.86481,44.67894],[-117.86565,44.679],[-117.86634,44.67877],[-117.86722,44.6779],[-117.86904,44.67538],[-117.86934,44.67427],[-117.86853,44.67017],[-117.86683,44.66704],[-117.86655,44.66539],[-117.86698,44.66333],[-117.867,44.66186],[-117.86728,44.66072],[-117.87416,44.65505],[-117.87784,44.65361],[-117.87959,44.65244],[-117.88014,44.65238],[-117.88076,44.65261],[-117.88161,44.65331],[-117.88379,44.65329],[-117.88998,44.65107],[-117.89394,44.65058],[-117.89615,44.65061],[-117.89811,44.65125],[-117.90023,44.65259],[-117.90154,44.65291],[-117.90296,44.65281],[-117.90369,44.65188],[-117.90366,44.65093],[-117.90413,44.65047],[-117.90551,44.65059],[-117.90808,44.65133],[-117.9104,44.65316],[-117.91267,44.65258],[-117.91375,44.652],[-117.91594,44.65285],[-117.91825,44.65215],[-117.91967,44.65227],[-117.92503,44.65597],[-117.92774,44.65819],[-117.93006,44.65917],[-117.93559,44.65963],[-117.9386,44.66045],[-117.94538,44.66012],[-117.94786,44.66198],[-117.95048,44.6628],[-117.95366,44.6629],[-117.95628,44.66363],[-117.95761,44.66335],[-117.95799,44.66213],[-117.95881,44.66122],[-117.96168,44.66128],[-117.9625,44.66195],[-117.96241,44.6632],[-117.96263,44.66433],[-117.96297,44.6647],[-117.96452,44.66534],[-117.96701,44.66601],[-117.96855,44.66845],[-117.96979,44.66937],[-117.97645,44.67037],[-117.98391,44.67434],[-117.98709,44.67465],[-117.99108,44.67565],[-117.99258,44.67498],[-117.99426,44.67394],[-117.9955,44.67376],[-117.9979,44.67434],[-117.99992,44.67425],[-118.00111,44.67494],[-118.00202,44.67682],[-118.00313,44.67708],[-118.01017,44.67772],[-118.01399,44.67826],[-118.02365,44.68183],[-118.03397,44.68293],[-118.03666,44.6829],[-118.0391,44.68255],[-118.03977,44.68261],[-118.04534,44.68401],[-118.04733,44.68539],[-118.05037,44.68678],[-118.05209,44.68727],[-118.06943,44.68728],[-118.07286,44.68662],[-118.07373,44.68686],[-118.07519,44.68754],[-118.07879,44.68848],[-118.08278,44.69028],[-118.08978,44.69307],[-118.10033,44.69695],[-118.10537,44.69962],[-118.10732,44.69998],[-118.16688,44.71566],[-118.17566,44.71853],[-118.17659,44.71908],[-118.17781,44.72022],[-118.18029,44.72173],[-118.18138,44.72268],[-118.18258,44.72332],[-118.18422,44.72467],[-118.18739,44.72882],[-118.18838,44.72962],[-118.19075,44.73081],[-118.19603,44.73289],[-118.19817,44.73336],[-118.19938,44.73403],[-118.1999,44.7346],[-118.20057,44.73611],[-118.2015,44.73743],[-118.20244,44.73938],[-118.20337,44.7447]]}},{"type":"Feature","properties":{"valuation":"","line":"","operator":"Mount Hood Railroad","operator_as_printed":"M.H. R.R.","nara_bundle":"719","nara_vs":"006","from_terminus":"Hood River","to_terminus":"Parkdale","successor":"","extent_confidence":"high","uncertainty_notes":"No section number on map; finding aid VS 001. Map title prints MT. HOOD RAILWAY.","manual_addition":false,"source_map":"1566726_002_001_SPSS_Mt_Hood.jpg","ref_1964_sp_index":"","geometry_unmatched":false,"id":65,"nara_rrname":"Mount Hood","nara_otherrr":"","nara_state":"(blank)","section_tag":"MH","filed_under":"Mount Hood"},"geometry":{"type":"LineString","coordinates":[[-121.51258,45.71031],[-121.5107,45.70974],[-121.50627,45.70777],[-121.50541,45.7072],[-121.50498,45.70648],[-121.5051,45.70531],[-121.50574,45.70448],[-121.50628,45.70413],[-121.50805,45.70347],[-121.50868,45.70281],[-121.50834,45.69746],[-121.50858,45.69535],[-121.5083,45.6947],[-121.50703,45.6939],[-121.5068,45.69329],[-121.50701,45.69257],[-121.50899,45.69001],[-121.5098,45.68783],[-121.50986,45.68708],[-121.50849,45.68445],[-121.50842,45.68394],[-121.5097,45.68137],[-121.50994,45.6799],[-121.5104,45.67854],[-121.51091,45.67767],[-121.51061,45.67732],[-121.50991,45.67815],[-121.50866,45.68084],[-121.50817,45.68127],[-121.50757,45.68148],[-121.50674,45.68147],[-121.50605,45.68116],[-121.5057,45.68076],[-121.50542,45.68017],[-121.50573,45.6787],[-121.50559,45.67803],[-121.50569,45.67741],[-121.5071,45.67505],[-121.50904,45.67371],[-121.51024,45.67064],[-121.50969,45.66922],[-121.50851,45.66768],[-121.507,45.66384],[-121.50689,45.66285],[-121.50767,45.6615],[-121.50779,45.65917],[-121.50842,45.65746],[-121.50846,45.65301],[-121.50869,45.65224],[-121.50932,45.65147],[-121.512,45.64974],[-121.51383,45.64797],[-121.51558,45.64405],[-121.51874,45.64126],[-121.5199,45.63986],[-121.5202,45.63891],[-121.52023,45.63441],[-121.51996,45.63321],[-121.52007,45.63242],[-121.52052,45.6317],[-121.5235,45.62843],[-121.52527,45.62704],[-121.52656,45.62667],[-121.54187,45.62661],[-121.54389,45.62688],[-121.54859,45.62901],[-121.55047,45.6295],[-121.55334,45.62951],[-121.55908,45.62865],[-121.56096,45.62866],[-121.56246,45.62901],[-121.56342,45.62944],[-121.57305,45.63578],[-121.57467,45.63664],[-121.57813,45.63778],[-121.5823,45.63812],[-121.5833,45.63805],[-121.58738,45.63653],[-121.59202,45.63283],[-121.59574,45.63072],[-121.60161,45.62671],[-121.60654,45.6224],[-121.61415,45.61771],[-121.61778,45.61622],[-121.62266,45.61287],[-121.62871,45.60983],[-121.62943,45.60925],[-121.62992,45.60842],[-121.63008,45.60754],[-121.62912,45.60314],[-121.62918,45.60215],[-121.62999,45.59938],[-121.62994,45.59883],[-121.62962,45.5979],[-121.62749,45.5939],[-121.62745,45.59318],[-121.62792,45.59158],[-121.62793,45.59096],[-121.62765,45.5898],[-121.62652,45.588],[-121.62686,45.58793],[-121.62686,45.58729],[-121.62601,45.5844],[-121.6262,45.58238],[-121.62614,45.58054],[-121.62499,45.57556],[-121.62341,45.57403],[-121.62131,45.57276],[-121.62042,45.57149],[-121.61944,45.57057],[-121.61286,45.56784],[-121.60889,45.56652],[-121.6062,45.56568],[-121.60091,45.56476],[-121.59794,45.56364],[-121.59653,45.56265],[-121.59457,45.56059],[-121.59406,45.55967],[-121.5939,45.55901],[-121.59399,45.55797],[-121.59532,45.5547],[-121.59534,45.55361],[-121.59256,45.53832],[-121.59231,45.53742],[-121.59115,45.53483],[-121.59095,45.5332],[-121.59133,45.53186],[-121.59622,45.52154],[-121.59658,45.52013],[-121.59658,45.51886]]}},{"type":"Feature","properties":{"valuation":"","line":"","operator":"Great Southern Railroad","operator_as_printed":"G.S. Ry.","nara_bundle":"503","nara_vs":"001; 002; 003","from_terminus":"The Dalles","to_terminus":"Friend","successor":"","extent_confidence":"high","uncertainty_notes":"Named only, no section number; finding aid lists VS 001-003. Operator name expanded from G.S. RY.","manual_addition":false,"source_map":"1512323_001_001_Oregon_Washington_Railroad_and_Navigation_Company.jpg (same base also on Central RR and SP&S/SV/Mt Hood sheets)","ref_1964_sp_index":"","geometry_unmatched":true,"id":66,"nara_rrname":"Great Southern","nara_otherrr":"","nara_state":"(blank)","section_tag":"GS","filed_under":"Great Southern"},"geometry":{"type":"LineString","coordinates":[[-121.184,45.601],[-121.07787,45.48132],[-121.0815,45.47911],[-121.08199,45.47738],[-121.08294,45.47686],[-121.08704,45.47633],[-121.08794,45.47605],[-121.08822,45.47548],[-121.08837,45.47397],[-121.09044,45.47019],[-121.09255,45.46862],[-121.09411,45.46782],[-121.09561,45.46626],[-121.09743,45.4653],[-121.09974,45.46442],[-121.10293,45.46249],[-121.10837,45.45825],[-121.11161,45.45479],[-121.11494,45.45091],[-121.11685,45.44965],[-121.1173,45.44911],[-121.11747,45.44744],[-121.11884,45.44521],[-121.12097,45.44384],[-121.12432,45.44246],[-121.12618,45.44186],[-121.12788,45.44169],[-121.12996,45.44073],[-121.13079,45.43997],[-121.13156,45.43899],[-121.13316,45.43568],[-121.13456,45.4332],[-121.13741,45.42665],[-121.13823,45.42531],[-121.13996,45.42323],[-121.13963,45.42245],[-121.14071,45.42027],[-121.14324,45.41799],[-121.14558,45.41709],[-121.15555,45.41127],[-121.15621,45.41021],[-121.15724,45.4063],[-121.15773,45.40546],[-121.15865,45.40467],[-121.15961,45.40414],[-121.1622,45.40164],[-121.16379,45.4009],[-121.16703,45.40012],[-121.17222,45.39965],[-121.17437,45.39971],[-121.17604,45.39902],[-121.17849,45.39703],[-121.18025,45.39616],[-121.18248,45.39563],[-121.18804,45.39385],[-121.18986,45.39272],[-121.19018,45.39155],[-121.19106,45.39058],[-121.19422,45.38844],[-121.19587,45.38707],[-121.19782,45.38474],[-121.19834,45.38356],[-121.1984,45.38263],[-121.19939,45.38113],[-121.20155,45.37908],[-121.20443,45.37744],[-121.20795,45.37599],[-121.21044,45.37455],[-121.21168,45.37289],[-121.2128,45.37084],[-121.21439,45.36939],[-121.21653,45.36782],[-121.21799,45.36704],[-121.22717,45.36317],[-121.23232,45.36164],[-121.23584,45.35931],[-121.23765,45.35834],[-121.24144,45.35718],[-121.24297,45.35649],[-121.2455,45.35398],[-121.24764,45.35251],[-121.26091,45.34694],[-121.26436,45.34617],[-121.27024,45.3456]]}},{"type":"Feature","properties":{"valuation":"","line":"","operator":"Beaverton & Willsburg Railway","operator_as_printed":"BEAVERTON & WILLSBURG RY. / B.&W.","nara_bundle":"1056","nara_vs":"001; 002","from_terminus":"Willsburg Jct.","to_terminus":"B.&W. junction (unnamed)","successor":"","extent_confidence":"medium","uncertainty_notes":"Extent confidence medium in section table. Named on 1916 SP map with no section number; not an SP section. SP-controlled; finding aid files under SP Co. (B&W) VS 001-002. 1964 SP Co. 13 Beaverton–Cook and 14 Oswego–Willsburg Jct. Drawn as two pieces (Willsburg Jct.–Oswego and Cook–Beaverton) after the 1964 index; Oswego–Cook is shared with O.&C. 6.","manual_addition":false,"source_map":"1561305_001_014_Southern_Pacific_1916.jpg","ref_1964_sp_index":"","geometry_unmatched":false,"id":67,"nara_rrname":"Southern Pacific Company","nara_otherrr":"Beaverton and Willsburg","nara_state":"OR","section_tag":"B&W","filed_under":"Southern Pacific Company"},"geometry":{"type":"MultiLineString","coordinates":[[[-122.64408,45.459],[-122.6459,45.45873],[-122.65302,45.45837],[-122.65314,45.45809],[-122.65292,45.45779],[-122.65211,45.45106],[-122.65183,45.45033],[-122.65051,45.44905],[-122.64782,45.44579],[-122.64728,45.44532],[-122.64386,45.44491],[-122.64319,45.44456],[-122.64277,45.44384],[-122.64225,45.44232],[-122.64153,45.43931],[-122.64121,45.43858],[-122.64149,45.43847],[-122.64464,45.43257],[-122.64661,45.42999],[-122.64843,45.4281],[-122.64927,45.42582],[-122.64972,45.42524],[-122.65065,45.4247],[-122.65199,45.42449],[-122.65687,45.42563],[-122.65816,45.42561],[-122.65926,45.42525],[-122.66001,45.42472],[-122.66164,45.42259],[-122.6624,45.41928],[-122.66273,45.4187],[-122.66342,45.41806],[-122.66423,45.41759],[-122.6671,45.41691]],[[-122.7461,45.40413],[-122.74704,45.40491],[-122.74801,45.40618],[-122.75249,45.41599],[-122.7537,45.41769],[-122.77024,45.43056],[-122.7717,45.43114],[-122.7716,45.43123],[-122.77239,45.43159],[-122.77735,45.43344],[-122.77902,45.43458],[-122.77971,45.43539],[-122.78654,45.44893],[-122.78718,45.45072],[-122.78728,45.45217],[-122.7866,45.47045],[-122.78691,45.47203],[-122.78791,45.47341],[-122.79806,45.48517],[-122.79908,45.48595],[-122.80009,45.48643],[-122.80252,45.48692]]]}},{"type":"Feature","properties":{"valuation":"","line":"","operator":"Portland & South Western Railway","operator_as_printed":"PORTLAND & SOUTH WESTERN RY.","nara_bundle":"990","nara_vs":"001","from_terminus":"Scappoose (N.P. Ry.)","to_terminus":"","successor":"","extent_confidence":"medium","uncertainty_notes":"Extent confidence medium in section table. Named on 1916 SP map with no section number; not an SP section. West end not named. West end not named; drawn as a stub to roughly where the 1916 map line ends.","manual_addition":false,"source_map":"1561305_001_014_Southern_Pacific_1916.jpg","ref_1964_sp_index":"","geometry_unmatched":false,"id":68,"nara_rrname":"Portland and Southwestern","nara_otherrr":"","nara_state":"(blank)","section_tag":"P&SW","filed_under":"Portland and Southwestern"},"geometry":{"type":"LineString","coordinates":[[-122.8774,45.75415],[-122.87833,45.76334],[-122.87945,45.76374],[-122.88099,45.7647],[-122.88461,45.76803],[-122.89136,45.77167],[-122.89259,45.77268],[-122.89861,45.77892],[-122.90739,45.78874],[-122.91093,45.79136],[-122.91428,45.79356],[-122.91537,45.79594],[-122.91773,45.79751],[-122.92033,45.79814],[-122.92507,45.79811],[-122.92629,45.7985],[-122.92852,45.79944],[-122.92921,45.80027],[-122.9297,45.80145],[-122.9302,45.80182],[-122.93565,45.80312],[-122.9367,45.80368],[-122.93788,45.80617],[-122.93818,45.80804],[-122.939,45.8108],[-122.93975,45.81181],[-122.94078,45.81276],[-122.94136,45.81442],[-122.94303,45.81576],[-122.94436,45.81826],[-122.9444,45.82129],[-122.94427,45.82246],[-122.94449,45.82321],[-122.94535,45.82393],[-122.94685,45.82481],[-122.94769,45.82505],[-122.94872,45.82503],[-122.95357,45.82442],[-122.95528,45.82403],[-122.95668,45.82426],[-122.95891,45.82565],[-122.9611,45.82591],[-122.96957,45.82451],[-122.9718,45.82454],[-122.97399,45.825],[-122.9773,45.82647],[-122.97912,45.8268],[-122.98099,45.82684],[-122.98649,45.82672],[-122.98917,45.82609],[-122.99039,45.82606],[-122.99202,45.82656],[-122.99312,45.82653],[-122.99518,45.82612],[-122.99756,45.82527],[-122.99893,45.82526],[-123.00548,45.82808],[-123.00752,45.82841],[-123.01657,45.82832],[-123.01949,45.82846]]}},{"type":"Feature","properties":{"valuation":"","line":"","operator":"Willamette Valley & Coast Railway","operator_as_printed":"W.V.&C. RY.","nara_bundle":"1204","nara_vs":"001","from_terminus":"Patton","to_terminus":"Cherry Grove","successor":"","extent_confidence":"medium","uncertainty_notes":"Extent confidence medium in section table. Named on 1916 SP map with no section number; not an SP section. ","manual_addition":false,"source_map":"1561305_001_014_Southern_Pacific_1916.jpg","ref_1964_sp_index":"","geometry_unmatched":false,"id":69,"nara_rrname":"Willamette Valley and Coast","nara_otherrr":"","nara_state":"(blank)","section_tag":"WV&C","filed_under":"Willamette Valley and Coast"},"geometry":{"type":"LineString","coordinates":[[-123.13795,45.42971],[-123.14148,45.44529],[-123.14218,45.4492],[-123.14256,45.44892],[-123.1429,45.44826],[-123.14374,45.44761],[-123.14496,45.44714],[-123.14852,45.44622],[-123.154,45.44424],[-123.15576,45.44377],[-123.15759,45.44339],[-123.19645,45.43767],[-123.19882,45.43777],[-123.20143,45.43821],[-123.22463,45.44699],[-123.2262,45.44732],[-123.2277,45.44737],[-123.22894,45.4472],[-123.2315,45.44647],[-123.23665,45.44573],[-123.24702,45.4457],[-123.2506,45.44402],[-123.25427,45.4428],[-123.25557,45.44206]]}},{"type":"Feature","properties":{"valuation":"","line":"","operator":"Carlton & Coast Railway","operator_as_printed":"C.&C. RY.","nara_bundle":"152","nara_vs":"001","from_terminus":"Carlton","to_terminus":"Tilamook Gate","successor":"","extent_confidence":"medium","uncertainty_notes":"Extent confidence medium in section table. Named on 1916 SP map with no section number; not an SP section. Spelled Tilamook on map. Tillamook Gate location approximate.","manual_addition":false,"source_map":"1561305_001_014_Southern_Pacific_1916.jpg","ref_1964_sp_index":"","geometry_unmatched":true,"id":70,"nara_rrname":"Carlton and Coast","nara_otherrr":"","nara_state":"(blank)","section_tag":"C&C","filed_under":"Carlton and Coast"},"geometry":{"type":"LineString","coordinates":[[-123.176,45.294],[-123.27,45.31],[-123.37,45.33]]}},{"type":"Feature","properties":{"valuation":"","line":"","operator":"Independence & Monmouth Railroad","operator_as_printed":"INDEPENDENCE & MONMOUTH R.R.","nara_bundle":"","nara_vs":"","from_terminus":"Monmouth","to_terminus":"Geer","successor":"","extent_confidence":"medium","uncertainty_notes":"Extent confidence medium in section table. Named on 1916 SP map with no section number; not an SP section. Drawn dashed; extent uncertain. Drawn dashed on the 1916 map; geometry is schematic (Monmouth–Independence–Geer).","manual_addition":false,"source_map":"1561305_001_014_Southern_Pacific_1916.jpg","ref_1964_sp_index":"","geometry_unmatched":false,"id":71,"nara_rrname":"","nara_otherrr":"","nara_state":"","section_tag":"I&M","filed_under":"No bundle found"},"geometry":{"type":"LineString","coordinates":[[-123.19653,44.85107],[-123.19638,44.85186],[-123.19592,44.85264],[-123.18888,44.85863],[-123.18733,44.85971],[-123.18597,44.85897],[-123.18602,44.86222],[-123.18687,44.86505],[-123.18973,44.87128],[-123.20332,44.8999],[-123.20559,44.90439],[-123.21188,44.91787],[-123.21202,44.9184],[-123.21189,44.91898],[-123.21156,44.91944],[-123.21079,44.91988],[-123.18184,44.92282],[-123.15824,44.92267],[-123.15635,44.92277],[-123.15416,44.92324],[-123.15206,44.924],[-123.13837,44.92928],[-123.13356,44.93063],[-123.12831,44.93107],[-123.12265,44.93081],[-123.11536,44.9298],[-123.11409,44.92988],[-123.11089,44.93143],[-123.10962,44.93176],[-123.10783,44.93169],[-123.1041,44.93117],[-123.10196,44.93133],[-123.09711,44.93251],[-123.09548,44.93254],[-123.08631,44.92963],[-123.08357,44.92902],[-123.082,44.92885],[-123.07925,44.92905],[-123.07717,44.93011],[-123.07144,44.93459],[-123.07026,44.93508],[-123.0673,44.93552],[-123.06589,44.93613],[-123.06393,44.93755],[-123.06157,44.94009],[-123.06061,44.94065],[-123.05024,44.94516],[-123.04684,44.94743],[-123.04596,44.94775],[-123.04528,44.94781],[-123.03955,44.94656],[-123.04013,44.94553],[-123.04125,44.94422],[-123.04163,44.94293],[-123.04264,44.94057],[-123.04273,44.93976],[-123.04244,44.93965],[-123.0422,44.93898],[-123.04172,44.93855],[-123.03008,44.93556],[-123.02906,44.93515],[-123.02858,44.93486],[-123.02805,44.93416],[-123.02785,44.93228],[-123.02757,44.93151],[-123.02687,44.93087],[-123.02637,44.93065],[-123.01839,44.92932],[-123.01374,44.92882],[-123.01007,44.92915],[-123.00422,44.93065],[-122.99489,44.93168],[-122.99494,44.93156],[-122.99135,44.93178],[-122.91443,44.9313]]}},{"type":"Feature","properties":{"valuation":"","line":"","operator":"Oregon Pacific & Eastern Railway","operator_as_printed":"OREGON PACIFIC & EASTERN RY.","nara_bundle":"858","nara_vs":"001","from_terminus":"Cottage Grove","to_terminus":"Rujada","successor":"","extent_confidence":"medium","uncertainty_notes":"Extent confidence medium in section table. Named on 1916 SP map with no section number; not an SP section. ","manual_addition":false,"source_map":"1561305_001_014_Southern_Pacific_1916.jpg","ref_1964_sp_index":"","geometry_unmatched":false,"id":72,"nara_rrname":"Oregon Pacific and Eastern","nara_otherrr":"","nara_state":"(blank)","section_tag":"OP&E","filed_under":"Oregon Pacific and Eastern"},"geometry":{"type":"LineString","coordinates":[[-123.05828,43.79737],[-123.05787,43.79733],[-123.05758,43.79774],[-123.05567,43.79857],[-123.04835,43.79969],[-123.04691,43.79982],[-123.04519,43.79975],[-123.0426,43.79906],[-123.03736,43.79596],[-123.03577,43.79475],[-123.02835,43.78459],[-123.02704,43.78348],[-123.02321,43.78194],[-123.01013,43.77727],[-123.0093,43.77709],[-123.00788,43.77717],[-123.00644,43.77779],[-122.98949,43.79395],[-122.98808,43.79444],[-122.98715,43.79448],[-122.96463,43.79034],[-122.96096,43.78817],[-122.9179,43.77255],[-122.91691,43.77206],[-122.91588,43.77128],[-122.88822,43.74686],[-122.88708,43.74568],[-122.88547,43.74339],[-122.88381,43.74188],[-122.87655,43.73746],[-122.87506,43.73674],[-122.87282,43.73608],[-122.86857,43.73524],[-122.8658,43.73397],[-122.86399,43.73355],[-122.86308,43.733],[-122.86275,43.73262],[-122.86248,43.73182],[-122.86322,43.72377],[-122.86293,43.71911],[-122.86005,43.71201],[-122.85942,43.71103],[-122.8578,43.70912],[-122.85559,43.70742],[-122.85304,43.70609],[-122.84844,43.70452],[-122.84716,43.70371],[-122.84307,43.70029],[-122.84078,43.69903],[-122.83881,43.69829],[-122.83537,43.69764],[-122.82993,43.6974],[-122.82789,43.69696],[-122.82654,43.69693],[-122.81929,43.69935],[-122.81503,43.69928],[-122.81339,43.69948],[-122.80044,43.70484],[-122.79927,43.70463],[-122.79879,43.70436],[-122.79853,43.70364],[-122.79873,43.70275],[-122.79862,43.70212],[-122.79838,43.70186],[-122.79721,43.70145],[-122.7949,43.70109],[-122.78724,43.70172],[-122.78489,43.70136],[-122.78139,43.70044],[-122.78003,43.70024],[-122.77597,43.70024],[-122.7749,43.70064],[-122.77377,43.70134],[-122.77258,43.70252],[-122.77176,43.70383],[-122.77082,43.70426],[-122.76181,43.70517],[-122.74824,43.70499],[-122.74726,43.70519],[-122.74472,43.70679],[-122.74357,43.70719]]}},{"type":"Feature","properties":{"valuation":"","line":"","operator":"Pacific & Eastern Railway","operator_as_printed":"PACIFIC & EASTERN RAILWAY","nara_bundle":"872","nara_vs":"001","from_terminus":"Crater Lake","to_terminus":"Butte Falls","successor":"","extent_confidence":"medium","uncertainty_notes":"Extent confidence medium in section table. Named on 1916 SP map with no section number; not an SP section. Junction printed Crater Lake.","manual_addition":false,"source_map":"1561305_001_014_Southern_Pacific_1916.jpg","ref_1964_sp_index":"","geometry_unmatched":false,"id":73,"nara_rrname":"Pacific and Eastern","nara_otherrr":"","nara_state":"OR","section_tag":"P&E","filed_under":"Pacific and Eastern"},"geometry":{"type":"LineString","coordinates":[[-122.86526,42.32788],[-122.86952,42.32783],[-122.87399,42.32562],[-122.87439,42.32635],[-122.87423,42.32675],[-122.88533,42.33844],[-122.88621,42.33944],[-122.88641,42.34018],[-122.88615,42.34089],[-122.88329,42.34298],[-122.88197,42.3458],[-122.87907,42.34902],[-122.86712,42.35633],[-122.86576,42.35756],[-122.86552,42.35822],[-122.8654,42.35978],[-122.86548,42.405],[-122.86511,42.40713],[-122.84397,42.44958],[-122.84341,42.4503],[-122.84185,42.45133],[-122.83498,42.4532],[-122.83369,42.45375],[-122.83334,42.45416],[-122.83321,42.45462],[-122.83324,42.45775],[-122.83306,42.45837],[-122.83229,42.45936],[-122.82863,42.46292],[-122.82792,42.46323],[-122.82705,42.46336],[-122.82333,42.46307],[-122.8214,42.46317],[-122.81719,42.46373],[-122.81602,42.46403],[-122.81485,42.46461],[-122.80822,42.46957],[-122.80714,42.47079],[-122.80372,42.47782],[-122.79875,42.48378],[-122.79664,42.48818],[-122.78545,42.50703],[-122.78527,42.50767],[-122.78477,42.51318],[-122.78482,42.51633],[-122.78453,42.51764],[-122.7835,42.51929],[-122.78304,42.5208],[-122.78201,42.52256],[-122.78174,42.52331],[-122.78183,42.52474],[-122.78172,42.52527],[-122.78131,42.52567],[-122.77957,42.52655],[-122.77913,42.5269],[-122.77888,42.5274],[-122.779,42.52863],[-122.78169,42.53207],[-122.78181,42.53261],[-122.78161,42.5332],[-122.78118,42.53367],[-122.77966,42.53418],[-122.77592,42.53459],[-122.77531,42.53484],[-122.77354,42.53607],[-122.77243,42.53647],[-122.77094,42.53638],[-122.76909,42.53566],[-122.76857,42.53535],[-122.76825,42.53494],[-122.76768,42.53355],[-122.7677,42.53195],[-122.76684,42.53012],[-122.7669,42.52878],[-122.76535,42.52699],[-122.76434,42.52657],[-122.76379,42.5266],[-122.76261,42.52701],[-122.76078,42.52907],[-122.76029,42.52932],[-122.75966,42.5294],[-122.75844,42.52922],[-122.75657,42.52811],[-122.75596,42.52802],[-122.74962,42.52846],[-122.74883,42.52871],[-122.74726,42.52983],[-122.74605,42.53018],[-122.74474,42.53003],[-122.74293,42.52916],[-122.74201,42.52893],[-122.73917,42.529],[-122.73816,42.52944],[-122.73747,42.52956],[-122.73544,42.52925],[-122.73415,42.52942],[-122.73342,42.5298],[-122.7309,42.53054],[-122.73039,42.53093],[-122.73009,42.53146],[-122.72999,42.53199],[-122.73015,42.53374],[-122.72939,42.53501],[-122.72936,42.53549],[-122.72973,42.53738],[-122.73046,42.53888],[-122.72998,42.53993],[-122.72823,42.54104],[-122.7258,42.54359],[-122.72541,42.54422],[-122.72547,42.54595],[-122.72525,42.54653],[-122.72477,42.54702],[-122.72273,42.5479],[-122.71977,42.55007],[-122.71931,42.55059],[-122.71895,42.55228],[-122.71847,42.55299],[-122.71788,42.5535],[-122.71554,42.55452],[-122.71341,42.55584],[-122.71243,42.55628],[-122.71048,42.55665],[-122.70863,42.55781],[-122.70658,42.55865],[-122.70494,42.55915],[-122.7019,42.55922],[-122.70071,42.55996],[-122.69957,42.5615],[-122.6984,42.56207],[-122.69763,42.56217],[-122.69632,42.56185],[-122.69594,42.5615],[-122.69503,42.55988],[-122.69345,42.55836],[-122.69199,42.55784],[-122.6911,42.55793],[-122.68852,42.55888],[-122.68635,42.56027],[-122.68523,42.56148],[-122.68445,42.56186],[-122.68156,42.56254],[-122.68089,42.56292],[-122.67941,42.56468],[-122.67867,42.56491],[-122.67783,42.56494],[-122.67697,42.56474],[-122.67567,42.56388],[-122.67364,42.5633],[-122.67235,42.56273],[-122.67155,42.56264],[-122.67007,42.56282],[-122.6681,42.56251],[-122.66333,42.56297],[-122.66023,42.5624],[-122.65652,42.56263],[-122.65401,42.56316],[-122.65171,42.56393],[-122.64957,42.56521],[-122.64839,42.56562],[-122.64566,42.56578],[-122.64402,42.56648],[-122.64329,42.56658],[-122.64241,42.56647],[-122.64172,42.5662],[-122.64077,42.56523],[-122.64036,42.56341],[-122.64038,42.56289],[-122.6412,42.5603],[-122.64116,42.55969],[-122.64086,42.55897],[-122.63959,42.55745],[-122.63897,42.55696],[-122.63616,42.55573],[-122.63559,42.55512],[-122.63545,42.55311],[-122.63557,42.55262],[-122.63855,42.54883],[-122.63874,42.54818],[-122.63871,42.54753],[-122.63843,42.54697],[-122.63781,42.54649],[-122.63327,42.54381],[-122.63228,42.54345],[-122.62996,42.5432],[-122.62904,42.54332],[-122.62752,42.54394],[-122.62547,42.54389],[-122.62292,42.54432],[-122.61977,42.54442],[-122.61773,42.54485],[-122.61493,42.54516],[-122.61405,42.54538],[-122.6134,42.54577],[-122.61286,42.54643],[-122.61212,42.54855],[-122.61157,42.54914],[-122.61074,42.5495],[-122.60908,42.54955],[-122.6072,42.54925],[-122.60629,42.54939],[-122.6031,42.55075],[-122.60174,42.55109],[-122.60055,42.55115],[-122.59251,42.55082],[-122.59088,42.55046],[-122.58075,42.54507],[-122.57723,42.54342],[-122.57352,42.54207],[-122.57201,42.54203],[-122.57146,42.54227],[-122.57115,42.5426],[-122.57101,42.54314],[-122.57162,42.54461],[-122.5716,42.54497],[-122.57132,42.54538],[-122.57045,42.5458],[-122.56598,42.54556],[-122.56528,42.5453],[-122.56411,42.54423]]}},{"type":"Feature","properties":{"valuation":"","line":"","operator":"California & Oregon Coast Railroad","operator_as_printed":"CALIF. & OREGON COAST R.R.","nara_bundle":"150","nara_vs":"001","from_terminus":"Grants Pass","to_terminus":"Wonder","successor":"","extent_confidence":"medium","uncertainty_notes":"Extent confidence medium in section table. Named on 1916 SP map with no section number; not an SP section. ","manual_addition":false,"source_map":"1561305_001_014_Southern_Pacific_1916.jpg","ref_1964_sp_index":"","geometry_unmatched":false,"id":74,"nara_rrname":"California and Oregon Coast","nara_otherrr":"","nara_state":"(blank)","section_tag":"C&OC","filed_under":"California and Oregon Coast"},"geometry":{"type":"LineString","coordinates":[[-123.32944,42.44023],[-123.32745,42.43979],[-123.32406,42.43869],[-123.32056,42.43713],[-123.31998,42.43672],[-123.31985,42.43632],[-123.31997,42.42789],[-123.32039,42.42719],[-123.32144,42.42683],[-123.37595,42.4166],[-123.37769,42.41585],[-123.37921,42.41486],[-123.38758,42.40869],[-123.39043,42.40533],[-123.39792,42.39497],[-123.40234,42.39191],[-123.40363,42.3914],[-123.40513,42.39111],[-123.40654,42.39115],[-123.44444,42.39586],[-123.44527,42.39566],[-123.44603,42.3952],[-123.44749,42.39283],[-123.44921,42.39058],[-123.44954,42.3896],[-123.44997,42.38652],[-123.45032,42.38557],[-123.45088,42.38512],[-123.46419,42.38132],[-123.46757,42.38083],[-123.48019,42.38161],[-123.48261,42.38162],[-123.48998,42.38033],[-123.4918,42.37961],[-123.49341,42.37828],[-123.49787,42.37625],[-123.49888,42.37554],[-123.49929,42.37495],[-123.50008,42.37291],[-123.50081,42.3722],[-123.50493,42.36981],[-123.50596,42.36902],[-123.50894,42.36539],[-123.51055,42.36454],[-123.5166,42.36251],[-123.51836,42.36222],[-123.52577,42.36268],[-123.53045,42.3626],[-123.53542,42.36344],[-123.53654,42.36349],[-123.54105,42.36254]]}},{"type":"Feature","properties":{"valuation":"","line":"","operator":"Smith-Powers Logging Co.","operator_as_printed":"SMITH-POWERS LOGGING CO.","nara_bundle":"","nara_vs":"","from_terminus":"Myrtle Point","to_terminus":"Powers","successor":"","extent_confidence":"medium","uncertainty_notes":"Extent confidence medium in section table. Named on 1916 SP map with no section number; not an SP section. Logging company; 1964 SP Co. 2c Myrtle Point to Powers.","manual_addition":false,"source_map":"1561305_001_014_Southern_Pacific_1916.jpg","ref_1964_sp_index":"","geometry_unmatched":false,"id":75,"nara_rrname":"","nara_otherrr":"","nara_state":"","section_tag":"S-P","filed_under":"No bundle found"},"geometry":{"type":"LineString","coordinates":[[-124.14626,43.06649],[-124.14682,43.06405],[-124.14693,43.06267],[-124.14687,43.05373],[-124.14646,43.05196],[-124.14225,43.04696],[-124.14051,43.04553],[-124.13783,43.04453],[-124.13521,43.04393],[-124.13217,43.04235],[-124.12753,43.03953],[-124.12403,43.0343],[-124.12216,43.03259],[-124.12124,43.03063],[-124.12096,43.02869],[-124.12193,43.02671],[-124.12345,43.02571],[-124.12712,43.02497],[-124.12841,43.02431],[-124.13391,43.01781],[-124.13429,43.01682],[-124.13463,43.01637],[-124.1362,43.01486],[-124.13747,43.01388],[-124.13891,43.01319],[-124.14197,43.01225],[-124.14505,43.01055],[-124.14702,43.00901],[-124.14698,43.00776],[-124.14518,43.00469],[-124.14415,43.00338],[-124.14298,43.00233],[-124.14205,43.00073],[-124.14127,42.99501],[-124.14128,42.9945],[-124.14149,42.99419],[-124.14531,42.99026],[-124.1465,42.98934],[-124.148,42.98899],[-124.14967,42.98912],[-124.15772,42.9906],[-124.15887,42.99069],[-124.15945,42.99055],[-124.16002,42.99018],[-124.16038,42.98957],[-124.16037,42.98915],[-124.15987,42.98837],[-124.15729,42.9862],[-124.15207,42.98275],[-124.15086,42.98078],[-124.15039,42.98027],[-124.1397,42.97341],[-124.13591,42.97005],[-124.13464,42.96792],[-124.13327,42.9666],[-124.13207,42.96631],[-124.13035,42.96526],[-124.12943,42.96506],[-124.12681,42.96561],[-124.12196,42.96857],[-124.1196,42.96945],[-124.11853,42.96944],[-124.11724,42.96915],[-124.11597,42.96848],[-124.11505,42.9673],[-124.11484,42.96628],[-124.11537,42.96265],[-124.11228,42.9557],[-124.10857,42.95078],[-124.10836,42.94995],[-124.10851,42.94893],[-124.11112,42.94594],[-124.11454,42.93672],[-124.11559,42.93434],[-124.12164,42.92343],[-124.12232,42.9212],[-124.1219,42.91851],[-124.12084,42.91743],[-124.11863,42.91678],[-124.11668,42.91696],[-124.11421,42.91806],[-124.11336,42.91804],[-124.11256,42.91743],[-124.11215,42.91623],[-124.11119,42.9151],[-124.10827,42.91378],[-124.10791,42.91295],[-124.10799,42.9122],[-124.10909,42.91135],[-124.11069,42.91072],[-124.11162,42.90951],[-124.11312,42.90615],[-124.11293,42.90525],[-124.11132,42.90413],[-124.10645,42.90255],[-124.10387,42.90108],[-124.09872,42.89907],[-124.09677,42.8988],[-124.09361,42.89967],[-124.09166,42.89954],[-124.08765,42.89747],[-124.08587,42.8972],[-124.08411,42.89733],[-124.07872,42.89623],[-124.07769,42.89577],[-124.07692,42.89475],[-124.07337,42.88577],[-124.07336,42.88365]]}},{"type":"Feature","properties":{"valuation":"V1","line":"","operator":"Portland Traction Co.","operator_as_printed":"","nara_bundle":"","nara_vs":"","from_terminus":"East Portland","to_terminus":"Boring","successor":"","extent_confidence":"manual","uncertainty_notes":"Manual addition (Portland-area interurban, valued later). Not researched; geometry approximate. No NARA bundle matched (original-series join only).","manual_addition":true,"source_map":"manual addition","ref_1964_sp_index":"","geometry_unmatched":false,"id":76,"section_tag":"PT V1","filed_under":"Portland Traction (manual addition)"},"geometry":{"type":"LineString","coordinates":[[-122.66072,45.51509],[-122.66074,45.50958],[-122.66096,45.50939],[-122.66168,45.5093],[-122.66179,45.50853],[-122.66269,45.50797],[-122.66185,45.50666],[-122.66177,45.50296],[-122.66085,45.50072],[-122.65878,45.49327],[-122.658,45.49203],[-122.65679,45.49091],[-122.65364,45.48932],[-122.65253,45.48849],[-122.65176,45.48735],[-122.65152,45.48609],[-122.64242,45.48377],[-122.64175,45.4823],[-122.64135,45.48212],[-122.63686,45.46302],[-122.63661,45.46179],[-122.63644,45.46104],[-122.63658,45.46109],[-122.63045,45.46275],[-122.63017,45.46282],[-122.62674,45.46338],[-122.62559,45.46344],[-122.6218,45.463],[-122.61639,45.46144],[-122.5992,45.45598],[-122.59663,45.4555],[-122.59421,45.45566],[-122.59117,45.45669],[-122.58459,45.46111],[-122.56592,45.47253],[-122.56172,45.47491],[-122.55936,45.47569],[-122.55524,45.47671],[-122.53236,45.48153],[-122.5297,45.48186],[-122.52799,45.48177],[-122.50189,45.47846],[-122.5,45.47861],[-122.49782,45.479],[-122.49563,45.48017],[-122.48859,45.48454],[-122.48666,45.4852],[-122.46835,45.48852],[-122.45181,45.48937],[-122.44926,45.48979],[-122.44722,45.49064],[-122.44492,45.49195],[-122.44263,45.494],[-122.44065,45.49514],[-122.43857,45.49567],[-122.43331,45.49568],[-122.4311,45.49531],[-122.42943,45.49453],[-122.42799,45.49343],[-122.42544,45.49028],[-122.41093,45.47844],[-122.40823,45.47691],[-122.40482,45.47537],[-122.40267,45.47373],[-122.39585,45.46666],[-122.3831,45.45611],[-122.38203,45.45422],[-122.38203,45.45282],[-122.38255,45.45086],[-122.38476,45.44637],[-122.3848,45.4447],[-122.38409,45.44296],[-122.3813,45.43806],[-122.37669,45.43431],[-122.3754,45.43217],[-122.37523,45.43082]]}},{"type":"Feature","properties":{"valuation":"V2","line":"","operator":"Portland Traction Co.","operator_as_printed":"","nara_bundle":"","nara_vs":"","from_terminus":"Golf Jct.","to_terminus":"Canemah","successor":"","extent_confidence":"manual","uncertainty_notes":"Manual addition (Portland-area interurban, valued later). Not researched; geometry approximate. No NARA bundle matched (original-series join only).","manual_addition":true,"source_map":"manual addition","ref_1964_sp_index":"","geometry_unmatched":false,"id":77,"section_tag":"PT V2","filed_under":"Portland Traction (manual addition)"},"geometry":{"type":"LineString","coordinates":[[-122.63661,45.46179],[-122.63591,45.45841],[-122.63572,45.45547],[-122.63603,45.45217],[-122.63666,45.44889],[-122.63797,45.4454],[-122.64138,45.43871],[-122.63958,45.4366],[-122.6361,45.43366],[-122.63551,45.43252],[-122.63532,45.43142],[-122.63554,45.43069],[-122.63838,45.42785],[-122.64158,45.42249],[-122.64152,45.41279],[-122.63817,45.4101],[-122.63077,45.40335],[-122.60296,45.38454],[-122.60254,45.38427],[-122.60139,45.38403],[-122.59792,45.38409],[-122.59697,45.38385],[-122.59233,45.37685],[-122.59225,45.37634],[-122.59216,45.37535],[-122.59264,45.37384],[-122.59581,45.36834],[-122.59649,45.36746],[-122.60409,45.35999],[-122.60374,45.35968],[-122.60639,45.35788],[-122.60817,45.35688],[-122.61768,45.34942],[-122.62008,45.34781]]}},{"type":"Feature","properties":{"valuation":"V3","line":"","operator":"Portland Traction Co.","operator_as_printed":"","nara_bundle":"","nara_vs":"","from_terminus":"Linneman Jct.","to_terminus":"East Gresham","successor":"","extent_confidence":"manual","uncertainty_notes":"Manual addition (Portland-area interurban, valued later). Not researched; geometry approximate. No NARA bundle matched (original-series join only).","manual_addition":true,"source_map":"manual addition","ref_1964_sp_index":"","geometry_unmatched":false,"id":78,"section_tag":"PT V3","filed_under":"Portland Traction (manual addition)"},"geometry":{"type":"LineString","coordinates":[[-122.46835,45.48852],[-122.45181,45.48937],[-122.44926,45.48979],[-122.44722,45.49064],[-122.44492,45.49195],[-122.44263,45.494],[-122.44065,45.49514],[-122.43857,45.49567],[-122.43331,45.49568],[-122.4311,45.49531],[-122.41613,45.50109],[-122.41343,45.50005],[-122.41122,45.49867]]}}]}